lane_section	bn_topics	lane_says	bn_says
397		Inflection — Inflection is the change which nouns, pronouns, and verbs undergo, to indicat	
398	bn-018-the-five-declensions	Inflection of the Noun — The noun or pronoun is inflected by attaching case endings to the	The Five Declensions
399	bn-018-the-five-declensions	Inflection of the Noun: The Stem — The stem contains the meaning of the noun. Noun stems a	The Five Declensions
400	bn-018-the-five-declensions	Inflection of the Noun: The Stem — The stem contains the meaning of the noun. Noun stems a	The Five Declensions
401	bn-018-the-five-declensions	Inflection of the Noun: The Stem — The stem contains the meaning of the noun. Noun stems a	The Five Declensions
402	bn-013-gender-of-nouns	Gender — There are two genders, Masculine and Feminine. Masculine and feminine nouns are c	Gender of Nouns
403	bn-013-gender-of-nouns	Gender — There are two genders, Masculine and Feminine. Masculine and feminine nouns are c	Gender of Nouns
404	bn-013-gender-of-nouns	Gender — There are two genders, Masculine and Feminine. Masculine and feminine nouns are c	Gender of Nouns
405	bn-013-gender-of-nouns	Masculines — Names of male beings, rivers, winds, and mountains, are masculine: as, Caesar	Gender of Nouns
406	bn-013-gender-of-nouns	Masculines — Names of male beings, rivers, winds, and mountains, are masculine: as, Caesar	Gender of Nouns
407	bn-013-gender-of-nouns	Feminines — Names of female beings, plants, flowers, shrubs, and trees, are feminine: as, 	Gender of Nouns
408	bn-013-gender-of-nouns	Feminines — Names of female beings, plants, flowers, shrubs, and trees, are feminine: as, 	Gender of Nouns
409	bn-013-gender-of-nouns	Mobile, Common, and Epicene Nouns — Mobile Nouns have different forms to distinguish sex: 	Gender of Nouns
410	bn-013-gender-of-nouns	Mobile, Common, and Epicene Nouns — Mobile Nouns have different forms to distinguish sex: 	Gender of Nouns
411	bn-013-gender-of-nouns	Mobile, Common, and Epicene Nouns — Mobile Nouns have different forms to distinguish sex: 	Gender of Nouns
412	bn-013-gender-of-nouns	Neuters — Infinitives, words and expressions quoted or explained, and letters of the alpha	Gender of Nouns
413	bn-054-defective-nouns	Variable Gender — Some substantives have different genders in the two numbers; the differe	Defective Nouns
414	bn-054-defective-nouns	Number — There are two numbers, the Singular used of one, the Plural of more than one. amb	Defective Nouns
415	bn-054-defective-nouns	Number — There are two numbers, the Singular used of one, the Plural of more than one. amb	Defective Nouns
416	bn-054-defective-nouns	Number — There are two numbers, the Singular used of one, the Plural of more than one. amb	Defective Nouns
417	bn-054-defective-nouns	Number — There are two numbers, the Singular used of one, the Plural of more than one. amb	Defective Nouns
418	bn-054-defective-nouns	Number — There are two numbers, the Singular used of one, the Plural of more than one. amb	Defective Nouns
419	bn-017-cases	Inflection of the Noun: Case — Nouns have five cases, the Nominative, Genitive, Dative, Ac	Cases
420	bn-017-cases	Inflection of the Noun: Case — Nouns have five cases, the Nominative, Genitive, Dative, Ac	Cases
421	bn-017-cases	Inflection of the Noun: Case — Nouns have five cases, the Nominative, Genitive, Dative, Ac	Cases
422	bn-017-cases	Inflection of the Noun: Case — Nouns have five cases, the Nominative, Genitive, Dative, Ac	Cases
423	bn-017-cases	Inflection of the Noun: Case — Nouns have five cases, the Nominative, Genitive, Dative, Ac	Cases
424	bn-017-cases	Inflection of the Noun: Case — Nouns have five cases, the Nominative, Genitive, Dative, Ac	Cases
425	bn-017-cases	Inflection of the Noun: Case — Nouns have five cases, the Nominative, Genitive, Dative, Ac	Cases
426	bn-017-cases	Inflection of the Noun: Case — Nouns have five cases, the Nominative, Genitive, Dative, Ac	Cases
427	bn-017-cases	Inflection of the Noun: Case — Nouns have five cases, the Nominative, Genitive, Dative, Ac	Cases
428	bn-017-cases	Inflection of the Noun: Case — Nouns have five cases, the Nominative, Genitive, Dative, Ac	Cases
429	bn-017-cases	Inflection of the Noun: Case — Nouns have five cases, the Nominative, Genitive, Dative, Ac	Cases
430	bn-017-cases	Inflection of the Noun: Case — Nouns have five cases, the Nominative, Genitive, Dative, Ac	Cases
431	bn-017-cases	Inflection of the Noun: Case — Nouns have five cases, the Nominative, Genitive, Dative, Ac	Cases
432	bn-020-first-declension	Stems in -ā- — Stems in -ā- include substantives and adjectives; both substantives and adj	First Declension
433	bn-020-first-declension	Stems in -ā- — Stems in -ā- include substantives and adjectives; both substantives and adj	First Declension
434	bn-020-first-declension	Stems in -ā- — Stems in -ā- include substantives and adjectives; both substantives and adj	First Declension
435	bn-020-first-declension	Stems in -ā- — Stems in -ā- include substantives and adjectives; both substantives and adj	First Declension
436	bn-020-first-declension	Stems in -ā-: Singular Cases — -ā- of the stem was shortened in the nominative and accusat	First Declension
437	bn-020-first-declension	Stems in -ā-: Singular Cases — -ā- of the stem was shortened in the nominative and accusat	First Declension
438	bn-020-first-declension	Stems in -ā-: Singular Cases — -ā- of the stem was shortened in the nominative and accusat	First Declension
439	bn-020-first-declension	Stems in -ā-: Plural Cases — Compounds ending with -cola, inhabiting, and -gena, born, and	First Declension
440	bn-020-first-declension	Stems in -ā-: Plural Cases — Compounds ending with -cola, inhabiting, and -gena, born, and	First Declension
441	bn-020-first-declension	Stems in -ā-: Plural Cases — Compounds ending with -cola, inhabiting, and -gena, born, and	First Declension
442	bn-020-first-declension	Stems in -ā-: Plural Cases — Compounds ending with -cola, inhabiting, and -gena, born, and	First Declension
443	bn-020-first-declension	Stems in -ā-: Plural Cases — Compounds ending with -cola, inhabiting, and -gena, born, and	First Declension
444	bn-020-first-declension	Stems in -ā-: Greek Nouns — Greek appellatives always take a Latin form in the dative sing	First Declension
445	bn-020-first-declension	Stems in -ā-: Greek Nouns — Greek appellatives always take a Latin form in the dative sing	First Declension
446	bn-023-second-declension	Stems in -o- — Stems in -o- include substantives and adjectives, masculine or neuter. Most	Second Declension
447	bn-023-second-declension	Stems in -o- — Stems in -o- include substantives and adjectives, masculine or neuter. Most	Second Declension
448	bn-023-second-declension	Stems in -o- — Stems in -o- include substantives and adjectives, masculine or neuter. Most	Second Declension
449	bn-023-second-declension	Stems in -o- — Stems in -o- include substantives and adjectives, masculine or neuter. Most	Second Declension
450	bn-023-second-declension	Stems in -o- — Stems in -o- include substantives and adjectives, masculine or neuter. Most	Second Declension
451	bn-023-second-declension	Stems in -o- — Stems in -o- include substantives and adjectives, masculine or neuter. Most	Second Declension
452	bn-023-second-declension	Stems in -o-: Singular Cases — -us and -um were originally -os and -om. But -us was used i	Second Declension
453	bn-023-second-declension	Stems in -o-: Singular Cases — -us and -um were originally -os and -om. But -us was used i	Second Declension
454	bn-023-second-declension	Stems in -o-: Singular Cases — -us and -um were originally -os and -om. But -us was used i	Second Declension
455	bn-023-second-declension	Stems in -o-: Singular Cases — -us and -um were originally -os and -om. But -us was used i	Second Declension
456	bn-023-second-declension	Stems in -o-: Singular Cases — -us and -um were originally -os and -om. But -us was used i	Second Declension
457	bn-023-second-declension	Stems in -o-: Singular Cases — -us and -um were originally -os and -om. But -us was used i	Second Declension
458	bn-023-second-declension	Stems in -o-: Singular Cases — -us and -um were originally -os and -om. But -us was used i	Second Declension
459	bn-023-second-declension	Stems in -o-: Singular Cases — -us and -um were originally -os and -om. But -us was used i	Second Declension
460	bn-023-second-declension	Stems in -o-: Singular Cases — -us and -um were originally -os and -om. But -us was used i	Second Declension
461	bn-023-second-declension	Stems in -o-: Plural Cases — In the nominative plural masculine, -ei sometimes occurs (465	Second Declension
462	bn-023-second-declension	Stems in -o-: Plural Cases — In the nominative plural masculine, -ei sometimes occurs (465	Second Declension
463	bn-023-second-declension	Stems in -o-: Plural Cases — In the nominative plural masculine, -ei sometimes occurs (465	Second Declension
464	bn-023-second-declension	Stems in -o-: Plural Cases — In the nominative plural masculine, -ei sometimes occurs (465	Second Declension
465	bn-023-second-declension	Stems in -o-: Plural Cases — In the nominative plural masculine, -ei sometimes occurs (465	Second Declension
466	bn-023-second-declension	Stems in -o-: Greek Nouns — Greek stems in -o- are generally declined like Latin nouns, bu	Second Declension
467	bn-028-third-declension	Consonant Stems — Consonant stems are mostly substantive, and include both gender words an	Third Declension
468	bn-028-third-declension	Consonant Stems — Consonant stems are mostly substantive, and include both gender words an	Third Declension
469	bn-028-third-declension	Consonant Stems — Consonant stems are mostly substantive, and include both gender words an	Third Declension
470	bn-028-third-declension	Consonant Stems — Consonant stems are mostly substantive, and include both gender words an	Third Declension
471	bn-028-third-declension	Mute Stems — (1.) Stems in a guttural mute, -g- or -c-, are declined as follows: Examples 	Third Declension
472	bn-028-third-declension	Mute Stems — (1.) Stems in a guttural mute, -g- or -c-, are declined as follows: Examples 	Third Declension
473	bn-028-third-declension	Mute Stems — (1.) Stems in a guttural mute, -g- or -c-, are declined as follows: Examples 	Third Declension
474	bn-028-third-declension	Mute Stems — (1.) Stems in a guttural mute, -g- or -c-, are declined as follows: Examples 	Third Declension
475	bn-028-third-declension	Mute Stems — (1.) Stems in a guttural mute, -g- or -c-, are declined as follows: Examples 	Third Declension
476	bn-028-third-declension	Mute Stems — (1.) Stems in a guttural mute, -g- or -c-, are declined as follows: Examples 	Third Declension
477	bn-028-third-declension	Mute Stems — (1.) Stems in a guttural mute, -g- or -c-, are declined as follows: Examples 	Third Declension
478	bn-028-third-declension	Mute Stems — (1.) Stems in a guttural mute, -g- or -c-, are declined as follows: Examples 	Third Declension
479	bn-028-third-declension	Mute Stems — (1.) Stems in a guttural mute, -g- or -c-, are declined as follows: Examples 	Third Declension
480	bn-028-third-declension	Mute Stems — (1.) Stems in a guttural mute, -g- or -c-, are declined as follows: Examples 	Third Declension
481	bn-028-third-declension	Stems in a Continuous Consonant — (1.) Stems in -l- and -n- are declined as follows: Examp	Third Declension
482	bn-028-third-declension	Stems in a Continuous Consonant — (1.) Stems in -l- and -n- are declined as follows: Examp	Third Declension
483	bn-028-third-declension	Stems in a Continuous Consonant — (1.) Stems in -l- and -n- are declined as follows: Examp	Third Declension
484	bn-028-third-declension	Stems in a Continuous Consonant — (1.) Stems in -l- and -n- are declined as follows: Examp	Third Declension
485	bn-028-third-declension	Stems in a Continuous Consonant — (1.) Stems in -l- and -n- are declined as follows: Examp	Third Declension
486	bn-028-third-declension	Stems in a Continuous Consonant — (1.) Stems in -l- and -n- are declined as follows: Examp	Third Declension
487	bn-028-third-declension	Stems in a Continuous Consonant — (1.) Stems in -l- and -n- are declined as follows: Examp	Third Declension
488	bn-028-third-declension	Stems in a Continuous Consonant — (1.) Stems in -l- and -n- are declined as follows: Examp	Third Declension
489	bn-028-third-declension	Stems in a Continuous Consonant — (1.) Stems in -l- and -n- are declined as follows: Examp	Third Declension
490	bn-028-third-declension	Stems in a Continuous Consonant — (1.) Stems in -l- and -n- are declined as follows: Examp	Third Declension
491	bn-028-third-declension	Stems in a Continuous Consonant — (1.) Stems in -l- and -n- are declined as follows: Examp	Third Declension
492	bn-028-third-declension	Stems in a Continuous Consonant — (1.) Stems in -l- and -n- are declined as follows: Examp	Third Declension
493	bn-028-third-declension	Stems in a Continuous Consonant — (1.) Stems in -l- and -n- are declined as follows: Examp	Third Declension
494	bn-028-third-declension	Stems in -u- or -v- — Four substantives with stems in -ū- or -v-, grūs, F., crane, gruis; 	Third Declension
495	bn-028-third-declension	Consonant Stems: Singular Cases — (1.) The nominative singular of gender stems in a mute i	Third Declension
496	bn-028-third-declension	Consonant Stems: Singular Cases — (1.) The nominative singular of gender stems in a mute i	Third Declension
497	bn-028-third-declension	Consonant Stems: Singular Cases — (1.) The nominative singular of gender stems in a mute i	Third Declension
498	bn-028-third-declension	Consonant Stems: Singular Cases — (1.) The nominative singular of gender stems in a mute i	Third Declension
499	bn-028-third-declension	Consonant Stems: Singular Cases — (1.) The nominative singular of gender stems in a mute i	Third Declension
500	bn-028-third-declension	Consonant Stems: Singular Cases — (1.) The nominative singular of gender stems in a mute i	Third Declension
501	bn-028-third-declension	Consonant Stems: Singular Cases — (1.) The nominative singular of gender stems in a mute i	Third Declension
502	bn-028-third-declension	Consonant Stems: Singular Cases — (1.) The nominative singular of gender stems in a mute i	Third Declension
503	bn-028-third-declension	Consonant Stems: Singular Cases — (1.) The nominative singular of gender stems in a mute i	Third Declension
504	bn-028-third-declension	Consonant Stems: Singular Cases — (1.) The nominative singular of gender stems in a mute i	Third Declension
505	bn-028-third-declension	Consonant Stems: Plural Cases — The nominative and accusative plural masculine and feminin	Third Declension
506	bn-028-third-declension	Consonant Stems: Plural Cases — The nominative and accusative plural masculine and feminin	Third Declension
507	bn-028-third-declension	Consonant Stems: Plural Cases — The nominative and accusative plural masculine and feminin	Third Declension
508	bn-028-third-declension	Consonant Stems: Greek Nouns — Greek appellatives of the consonant declension occasionally	Third Declension
509	bn-028-third-declension	Consonant Stems: Greek Nouns — Greek appellatives of the consonant declension occasionally	Third Declension
510	bn-028-third-declension	Consonant Stems: Greek Nouns — Greek appellatives of the consonant declension occasionally	Third Declension
511	bn-028-third-declension	Consonant Stems: Greek Nouns — Greek appellatives of the consonant declension occasionally	Third Declension
512	bn-028-third-declension	Consonant Stems: Greek Nouns — Greek appellatives of the consonant declension occasionally	Third Declension
513	bn-028-third-declension	Stems in -i- and Mixed Stems — Stems in -i- include both substantives and adjectives, gend	Third Declension
514	bn-028-third-declension	Stems in -i- and Mixed Stems — Stems in -i- include both substantives and adjectives, gend	Third Declension
515	bn-028-third-declension	Stems in -i- and Mixed Stems — Stems in -i- include both substantives and adjectives, gend	Third Declension
516	bn-028-third-declension	Stems in -i- and Mixed Stems — Stems in -i- include both substantives and adjectives, gend	Third Declension
517	bn-028-third-declension	Parisyllables — (1.) Parisyllabic gender stems in -i- with the nominative in -is are decli	Third Declension
518	bn-028-third-declension	Parisyllables — (1.) Parisyllabic gender stems in -i- with the nominative in -is are decli	Third Declension
519	bn-028-third-declension	Parisyllables — (1.) Parisyllabic gender stems in -i- with the nominative in -is are decli	Third Declension
520	bn-028-third-declension	Parisyllables — (1.) Parisyllabic gender stems in -i- with the nominative in -is are decli	Third Declension
521	bn-028-third-declension	Parisyllables — (1.) Parisyllabic gender stems in -i- with the nominative in -is are decli	Third Declension
522	bn-028-third-declension	Parisyllables — (1.) Parisyllabic gender stems in -i- with the nominative in -is are decli	Third Declension
523	bn-028-third-declension	Parisyllables — (1.) Parisyllabic gender stems in -i- with the nominative in -is are decli	Third Declension
524	bn-028-third-declension	Parisyllables — (1.) Parisyllabic gender stems in -i- with the nominative in -is are decli	Third Declension
525	bn-028-third-declension	Parisyllables — (1.) Parisyllabic gender stems in -i- with the nominative in -is are decli	Third Declension
526	bn-028-third-declension	Parisyllables — (1.) Parisyllabic gender stems in -i- with the nominative in -is are decli	Third Declension
527	bn-028-third-declension	Parisyllables — (1.) Parisyllabic gender stems in -i- with the nominative in -is are decli	Third Declension
528	bn-028-third-declension	Parisyllables — (1.) Parisyllabic gender stems in -i- with the nominative in -is are decli	Third Declension
529	bn-028-third-declension	Imparisyllables — Sometimes a plural stem in -i- is combined, in the singular, with a stem	Third Declension
530	bn-028-third-declension	Imparisyllables — Sometimes a plural stem in -i- is combined, in the singular, with a stem	Third Declension
531	bn-028-third-declension	Imparisyllables — Sometimes a plural stem in -i- is combined, in the singular, with a stem	Third Declension
532	bn-028-third-declension	Imparisyllables — Sometimes a plural stem in -i- is combined, in the singular, with a stem	Third Declension
533	bn-028-third-declension	Imparisyllables — Sometimes a plural stem in -i- is combined, in the singular, with a stem	Third Declension
534	bn-028-third-declension	Imparisyllables — Sometimes a plural stem in -i- is combined, in the singular, with a stem	Third Declension
535	bn-028-third-declension	Imparisyllables — Sometimes a plural stem in -i- is combined, in the singular, with a stem	Third Declension
536	bn-028-third-declension	Imparisyllables — Sometimes a plural stem in -i- is combined, in the singular, with a stem	Third Declension
537	bn-028-third-declension	Imparisyllables — Sometimes a plural stem in -i- is combined, in the singular, with a stem	Third Declension
538	bn-028-third-declension	Imparisyllables — Sometimes a plural stem in -i- is combined, in the singular, with a stem	Third Declension
539	bn-028-third-declension	Imparisyllables — Sometimes a plural stem in -i- is combined, in the singular, with a stem	Third Declension
540	bn-028-third-declension	Stems in -i- and Mixed Stems: Singular Cases — (1.) The nominative singular of gender stem	Third Declension
541	bn-028-third-declension	Stems in -i- and Mixed Stems: Singular Cases — (1.) The nominative singular of gender stem	Third Declension
542	bn-028-third-declension	Stems in -i- and Mixed Stems: Singular Cases — (1.) The nominative singular of gender stem	Third Declension
543	bn-028-third-declension	Stems in -i- and Mixed Stems: Singular Cases — (1.) The nominative singular of gender stem	Third Declension
544	bn-028-third-declension	Stems in -i- and Mixed Stems: Singular Cases — (1.) The nominative singular of gender stem	Third Declension
545	bn-028-third-declension	Stems in -i- and Mixed Stems: Singular Cases — (1.) The nominative singular of gender stem	Third Declension
546	bn-028-third-declension	Stems in -i- and Mixed Stems: Singular Cases — (1.) The nominative singular of gender stem	Third Declension
547	bn-028-third-declension	Stems in -i- and Mixed Stems: Singular Cases — (1.) The nominative singular of gender stem	Third Declension
548	bn-028-third-declension	Stems in -i- and Mixed Stems: Singular Cases — (1.) The nominative singular of gender stem	Third Declension
549	bn-028-third-declension	Stems in -i- and Mixed Stems: Singular Cases — (1.) The nominative singular of gender stem	Third Declension
550	bn-028-third-declension	Stems in -i- and Mixed Stems: Singular Cases — (1.) The nominative singular of gender stem	Third Declension
551	bn-028-third-declension	Stems in -i- and Mixed Stems: Singular Cases — (1.) The nominative singular of gender stem	Third Declension
552	bn-028-third-declension	Stems in -i- and Mixed Stems: Singular Cases — (1.) The nominative singular of gender stem	Third Declension
553	bn-028-third-declension	Stems in -i- and Mixed Stems: Singular Cases — (1.) The nominative singular of gender stem	Third Declension
554	bn-028-third-declension	Stems in -i- and Mixed Stems: Singular Cases — (1.) The nominative singular of gender stem	Third Declension
555	bn-028-third-declension	Stems in -i- and Mixed Stems: Singular Cases — (1.) The nominative singular of gender stem	Third Declension
556	bn-028-third-declension	Stems in -i- and Mixed Stems: Singular Cases — (1.) The nominative singular of gender stem	Third Declension
557	bn-028-third-declension	Stems in -i- and Mixed Stems: Singular Cases — (1.) The nominative singular of gender stem	Third Declension
558	bn-028-third-declension	Stems in -i- and Mixed Stems: Singular Cases — (1.) The nominative singular of gender stem	Third Declension
559	bn-028-third-declension	Stems in -i- and Mixed Stems: Singular Cases — (1.) The nominative singular of gender stem	Third Declension
560	bn-028-third-declension	Stems in -i- and Mixed Stems: Singular Cases — (1.) The nominative singular of gender stem	Third Declension
561	bn-028-third-declension	Stems in -i- and Mixed Stems: Singular Cases — (1.) The nominative singular of gender stem	Third Declension
562	bn-028-third-declension	Stems in -i- and Mixed Stems: Plural Cases — In the plural, gender nominatives have -ēs, r	Third Declension
563	bn-028-third-declension	Stems in -i- and Mixed Stems: Plural Cases — In the plural, gender nominatives have -ēs, r	Third Declension
564	bn-028-third-declension	Stems in -i- and Mixed Stems: Plural Cases — In the plural, gender nominatives have -ēs, r	Third Declension
565	bn-028-third-declension	Stems in -i- and Mixed Stems: Greek Nouns — Greek stems in -i- are usually declined like L	Third Declension
566	bn-028-third-declension	Characteristics of Stems in -i- — Parisyllables with nominatives in -is, -ēs, or -e, and a	Third Declension
567	bn-028-third-declension	Characteristics of Stems in -i- — Parisyllables with nominatives in -is, -ēs, or -e, and a	Third Declension
568	bn-028-third-declension	Characteristics of Stems in -i- — Parisyllables with nominatives in -is, -ēs, or -e, and a	Third Declension
569	bn-028-third-declension	Characteristics of Stems in -i- — Parisyllables with nominatives in -is, -ēs, or -e, and a	Third Declension
570	bn-028-third-declension	Gender of Consonant Stems and -i- Stems — The gender of many of these substantives is dete	Third Declension
571	bn-028-third-declension	Masculine — Imparisyllables in -es or -ēs and substantives in -er, -ō, -or, and -ōs are ma	Third Declension
572	bn-028-third-declension	Masculine — Imparisyllables in -es or -ēs and substantives in -er, -ō, -or, and -ōs are ma	Third Declension
573	bn-028-third-declension	Masculine — Imparisyllables in -es or -ēs and substantives in -er, -ō, -or, and -ōs are ma	Third Declension
574	bn-028-third-declension	Masculine — Imparisyllables in -es or -ēs and substantives in -er, -ō, -or, and -ōs are ma	Third Declension
575	bn-028-third-declension	Masculine — Imparisyllables in -es or -ēs and substantives in -er, -ō, -or, and -ōs are ma	Third Declension
576	bn-028-third-declension	Masculine — Imparisyllables in -es or -ēs and substantives in -er, -ō, -or, and -ōs are ma	Third Declension
577	bn-028-third-declension	Feminine — Parisyllables in -ēs, and substantives in -ās, -aus, -is, -s preceded by a cons	Third Declension
578	bn-028-third-declension	Feminine — Parisyllables in -ēs, and substantives in -ās, -aus, -is, -s preceded by a cons	Third Declension
579	bn-028-third-declension	Feminine — Parisyllables in -ēs, and substantives in -ās, -aus, -is, -s preceded by a cons	Third Declension
580	bn-028-third-declension	Feminine — Parisyllables in -ēs, and substantives in -ās, -aus, -is, -s preceded by a cons	Third Declension
581	bn-028-third-declension	Feminine — Parisyllables in -ēs, and substantives in -ās, -aus, -is, -s preceded by a cons	Third Declension
582	bn-028-third-declension	Neuter — Substantives in -c, -e, -l, -n, -t, in -ar, -ur, -us, and -ūs, are neuter: as, la	Third Declension
583	bn-028-third-declension	Neuter — Substantives in -c, -e, -l, -n, -t, in -ar, -ur, -us, and -ūs, are neuter: as, la	Third Declension
584	bn-028-third-declension	Neuter — Substantives in -c, -e, -l, -n, -t, in -ar, -ur, -us, and -ūs, are neuter: as, la	Third Declension
585	bn-048-fourth-declension	Stems in -u- — Stems in -u- are substantive only, and mostly masculine. There are only thr	Fourth Declension
586	bn-048-fourth-declension	Stems in -u- — Stems in -u- are substantive only, and mostly masculine. There are only thr	Fourth Declension
587	bn-048-fourth-declension	Stems in -u- — Stems in -u- are substantive only, and mostly masculine. There are only thr	Fourth Declension
588	bn-048-fourth-declension	Stems in -u- — Stems in -u- are substantive only, and mostly masculine. There are only thr	Fourth Declension
589	bn-048-fourth-declension	Stems in -u- — Stems in -u- are substantive only, and mostly masculine. There are only thr	Fourth Declension
590	bn-048-fourth-declension	Stems in -u-: Singular Cases — In the genitive, the uncontracted form -uis sometimes occur	Fourth Declension
591	bn-048-fourth-declension	Stems in -u-: Plural Cases — In the genitive plural, a shorter form in -um is occasionally	Fourth Declension
592	bn-048-fourth-declension	Stems in -u-: Plural Cases — In the genitive plural, a shorter form in -um is occasionally	Fourth Declension
593	bn-048-fourth-declension	Stems in -u-: Plural Cases — In the genitive plural, a shorter form in -um is occasionally	Fourth Declension
594	bn-048-fourth-declension	Stems in -u-: Plural Cases — In the genitive plural, a shorter form in -um is occasionally	Fourth Declension
595	bn-048-fourth-declension	Stems in -u-: Plural Cases — In the genitive plural, a shorter form in -um is occasionally	Fourth Declension
596	bn-051-fifth-declension	Stems in -ē- — Stems in -ē- are substantive only, and feminine. diēs, day, is always mascu	Fifth Declension
597	bn-051-fifth-declension	Stems in -ē- — Stems in -ē- are substantive only, and feminine. diēs, day, is always mascu	Fifth Declension
598	bn-051-fifth-declension	Stems in -ē- — Stems in -ē- are substantive only, and feminine. diēs, day, is always mascu	Fifth Declension
599	bn-051-fifth-declension	Stems in -ē- — Stems in -ē- are substantive only, and feminine. diēs, day, is always mascu	Fifth Declension
600	bn-051-fifth-declension	Stems in -ē- — Stems in -ē- are substantive only, and feminine. diēs, day, is always mascu	Fifth Declension
601	bn-051-fifth-declension	Stems in -ē- — Stems in -ē- are substantive only, and feminine. diēs, day, is always mascu	Fifth Declension
602	bn-051-fifth-declension	Stems in -ē- — Stems in -ē- are substantive only, and feminine. diēs, day, is always mascu	Fifth Declension
603	bn-051-fifth-declension	Stems in -ē- — Stems in -ē- are substantive only, and feminine. diēs, day, is always mascu	Fifth Declension
604	bn-051-fifth-declension	Stems in -ē- — Stems in -ē- are substantive only, and feminine. diēs, day, is always mascu	Fifth Declension
605	bn-051-fifth-declension	Stems in -ē- — Stems in -ē- are substantive only, and feminine. diēs, day, is always mascu	Fifth Declension
606	bn-051-fifth-declension	Stems in -ē- — Stems in -ē- are substantive only, and feminine. diēs, day, is always mascu	Fifth Declension
607	bn-051-fifth-declension	Stems in -ē- — Stems in -ē- are substantive only, and feminine. diēs, day, is always mascu	Fifth Declension
608		Inflection of the Noun: The Adjective — Adjectives are declined like substantives, and it 	
609		Inflection of the Noun: The Adjective — Adjectives are declined like substantives, and it 	
610		Inflection of the Noun: The Adjective — Adjectives are declined like substantives, and it 	
611		Inflection of the Noun: The Adjective — Adjectives are declined like substantives, and it 	
612		Inflection of the Noun: The Adjective — Adjectives are declined like substantives, and it 	
613	bn-063-adjectives-of-the-first-and-second	Stems in -o- and -ā- — Most adjectives with stems in -o- and -ā- are declined as follows: 	Adjectives of the First and Second Declensions
614	bn-063-adjectives-of-the-first-and-second	Stems in -o- and -ā- — Most adjectives with stems in -o- and -ā- are declined as follows: 	Adjectives of the First and Second Declensions
615	bn-063-adjectives-of-the-first-and-second	Stems in -o- and -ā- — Most adjectives with stems in -o- and -ā- are declined as follows: 	Adjectives of the First and Second Declensions
616	bn-063-adjectives-of-the-first-and-second	Stems in -o- and -ā- — Most adjectives with stems in -o- and -ā- are declined as follows: 	Adjectives of the First and Second Declensions
617	bn-063-adjectives-of-the-first-and-second	Stems in -o- and -ā- — Most adjectives with stems in -o- and -ā- are declined as follows: 	Adjectives of the First and Second Declensions
618	bn-063-adjectives-of-the-first-and-second	Stems in -o- and -ā- — Most adjectives with stems in -o- and -ā- are declined as follows: 	Adjectives of the First and Second Declensions
619	bn-063-adjectives-of-the-first-and-second	Stems in -o- and -ā- — Most adjectives with stems in -o- and -ā- are declined as follows: 	Adjectives of the First and Second Declensions
620	bn-063-adjectives-of-the-first-and-second	Stems in -o- and -ā- — Most adjectives with stems in -o- and -ā- are declined as follows: 	Adjectives of the First and Second Declensions
621	bn-067-adjectives-of-the-third-declension	Consonant Stems: Of Two Endings — The only consonant stems of two endings are comparatives	Adjectives of the Third Declension
622	bn-067-adjectives-of-the-third-declension	Consonant Stems: Of Two Endings — The only consonant stems of two endings are comparatives	Adjectives of the Third Declension
623	bn-067-adjectives-of-the-third-declension	Consonant Stems: Of Two Endings — The only consonant stems of two endings are comparatives	Adjectives of the Third Declension
624	bn-067-adjectives-of-the-third-declension	Consonant Stems: Of One Ending — A dozen adjectives ‘of one ending,’ mostly words applying	Adjectives of the Third Declension
625	bn-067-adjectives-of-the-third-declension	Consonant Stems: Of One Ending — A dozen adjectives ‘of one ending,’ mostly words applying	Adjectives of the Third Declension
626	bn-067-adjectives-of-the-third-declension	Consonant Stems: Of One Ending — A dozen adjectives ‘of one ending,’ mostly words applying	Adjectives of the Third Declension
627	bn-067-adjectives-of-the-third-declension	Stems in -i-: Of Three Endings — A dozen adjectives with stems in -bri-, -cri-, or -tri-, 	Adjectives of the Third Declension
628	bn-067-adjectives-of-the-third-declension	Stems in -i-: Of Three Endings — A dozen adjectives with stems in -bri-, -cri-, or -tri-, 	Adjectives of the Third Declension
629	bn-067-adjectives-of-the-third-declension	Stems in -i-: Of Three Endings — A dozen adjectives with stems in -bri-, -cri-, or -tri-, 	Adjectives of the Third Declension
630	bn-067-adjectives-of-the-third-declension	Stems in -i-: Of Two Endings — Adjectives ‘of two endings’ with stems in -i- are declined 	Adjectives of the Third Declension
631	bn-067-adjectives-of-the-third-declension	Stems in -i-: Of Two Endings — Adjectives ‘of two endings’ with stems in -i- are declined 	Adjectives of the Third Declension
632	bn-067-adjectives-of-the-third-declension	Stems in -i-: Of One Ending — Most adjectives ‘of one ending’ have a consonant form of the	Adjectives of the Third Declension
633	bn-067-adjectives-of-the-third-declension	Stems in -i-: Of One Ending — Most adjectives ‘of one ending’ have a consonant form of the	Adjectives of the Third Declension
634	bn-067-adjectives-of-the-third-declension	Stems in -i-: Of One Ending — Most adjectives ‘of one ending’ have a consonant form of the	Adjectives of the Third Declension
635	bn-067-adjectives-of-the-third-declension	Stems in -i-: Of One Ending — Most adjectives ‘of one ending’ have a consonant form of the	Adjectives of the Third Declension
636	bn-067-adjectives-of-the-third-declension	Stems in -i-: Of One Ending — Most adjectives ‘of one ending’ have a consonant form of the	Adjectives of the Third Declension
637	bn-078-numerals	The Numeral Adjective — Of the cardinals, ūnus, duo, trēs, and the hundreds except centum 	Numerals
638	bn-078-numerals	The Numeral Adjective — Of the cardinals, ūnus, duo, trēs, and the hundreds except centum 	Numerals
639	bn-078-numerals	The Numeral Adjective — Of the cardinals, ūnus, duo, trēs, and the hundreds except centum 	Numerals
640	bn-078-numerals	The Numeral Adjective — Of the cardinals, ūnus, duo, trēs, and the hundreds except centum 	Numerals
641	bn-078-numerals	The Numeral Adjective — Of the cardinals, ūnus, duo, trēs, and the hundreds except centum 	Numerals
642	bn-078-numerals	The Numeral Adjective — Of the cardinals, ūnus, duo, trēs, and the hundreds except centum 	Numerals
643	bn-078-numerals	The Numeral Adjective — Of the cardinals, ūnus, duo, trēs, and the hundreds except centum 	Numerals
644	bn-084-personal-pronouns,bn-085-reflexive-pronouns	The Personal and Reflexive Pronoun — The pronoun of the first person, ego, I, of the secon	Personal Pronouns; Reflexive Pronouns
645	bn-084-personal-pronouns,bn-085-reflexive-pronouns	The Personal and Reflexive Pronoun — The pronoun of the first person, ego, I, of the secon	Personal Pronouns; Reflexive Pronouns
646	bn-084-personal-pronouns,bn-085-reflexive-pronouns	The Personal and Reflexive Pronoun — The pronoun of the first person, ego, I, of the secon	Personal Pronouns; Reflexive Pronouns
647	bn-084-personal-pronouns,bn-085-reflexive-pronouns	The Personal and Reflexive Pronoun — The pronoun of the first person, ego, I, of the secon	Personal Pronouns; Reflexive Pronouns
648	bn-084-personal-pronouns,bn-085-reflexive-pronouns	The Personal and Reflexive Pronoun — The pronoun of the first person, ego, I, of the secon	Personal Pronouns; Reflexive Pronouns
649	bn-084-personal-pronouns,bn-085-reflexive-pronouns	The Personal and Reflexive Pronoun — The pronoun of the first person, ego, I, of the secon	Personal Pronouns; Reflexive Pronouns
650	bn-084-personal-pronouns,bn-085-reflexive-pronouns	The Personal and Reflexive Pronoun — The pronoun of the first person, ego, I, of the secon	Personal Pronouns; Reflexive Pronouns
651	bn-084-personal-pronouns,bn-085-reflexive-pronouns	The Personal and Reflexive Pronoun — The pronoun of the first person, ego, I, of the secon	Personal Pronouns; Reflexive Pronouns
652	bn-086-possessive-pronouns	The Personal and Reflexive Possessive — The possessives of ego, tū, and suī, are meus, min	Possessive Pronouns
653	bn-086-possessive-pronouns	The Personal and Reflexive Possessive — The possessives of ego, tū, and suī, are meus, min	Possessive Pronouns
654	bn-086-possessive-pronouns	The Personal and Reflexive Possessive — The possessives of ego, tū, and suī, are meus, min	Possessive Pronouns
655	bn-086-possessive-pronouns	The Personal and Reflexive Possessive — The possessives of ego, tū, and suī, are meus, min	Possessive Pronouns
656	bn-092-pronominal-adjectives	Other Pronouns — Some pronouns have a peculiar genitive singular in -ī̆us and dative singu	Pronominal Adjectives
657	bn-092-pronominal-adjectives	Other Pronouns — Some pronouns have a peculiar genitive singular in -ī̆us and dative singu	Pronominal Adjectives
658	bn-092-pronominal-adjectives	Other Pronouns — Some pronouns have a peculiar genitive singular in -ī̆us and dative singu	Pronominal Adjectives
659	bn-092-pronominal-adjectives	Other Pronouns — Some pronouns have a peculiar genitive singular in -ī̆us and dative singu	Pronominal Adjectives
660	bn-087-demonstrative-pronouns	The Demonstrative Pronoun — The demonstrative pronouns are hīc, this, this near me; iste, 	Demonstrative Pronouns
661	bn-087-demonstrative-pronouns	The Demonstrative Pronoun — The demonstrative pronouns are hīc, this, this near me; iste, 	Demonstrative Pronouns
662	bn-087-demonstrative-pronouns	The Demonstrative Pronoun — The demonstrative pronouns are hīc, this, this near me; iste, 	Demonstrative Pronouns
663	bn-087-demonstrative-pronouns	The Demonstrative Pronoun — The demonstrative pronouns are hīc, this, this near me; iste, 	Demonstrative Pronouns
664	bn-087-demonstrative-pronouns	The Demonstrative Pronoun — The demonstrative pronouns are hīc, this, this near me; iste, 	Demonstrative Pronouns
665	bn-087-demonstrative-pronouns	The Demonstrative Pronoun — The demonstrative pronouns are hīc, this, this near me; iste, 	Demonstrative Pronouns
666	bn-087-demonstrative-pronouns	The Demonstrative Pronoun — The demonstrative pronouns are hīc, this, this near me; iste, 	Demonstrative Pronouns
667	bn-087-demonstrative-pronouns	The Demonstrative Pronoun — The demonstrative pronouns are hīc, this, this near me; iste, 	Demonstrative Pronouns
668	bn-087-demonstrative-pronouns	The Demonstrative Pronoun — The demonstrative pronouns are hīc, this, this near me; iste, 	Demonstrative Pronouns
669	bn-087-demonstrative-pronouns	The Demonstrative Pronoun — The demonstrative pronouns are hīc, this, this near me; iste, 	Demonstrative Pronouns
670	bn-087-demonstrative-pronouns	The Demonstrative Pronoun — The demonstrative pronouns are hīc, this, this near me; iste, 	Demonstrative Pronouns
671	bn-087-demonstrative-pronouns	The Determinative Pronoun — The determinative pronoun is, that, the aforesaid, the one, is	Demonstrative Pronouns
672	bn-087-demonstrative-pronouns	The Determinative Pronoun — The determinative pronoun is, that, the aforesaid, the one, is	Demonstrative Pronouns
673	bn-087-demonstrative-pronouns	The Determinative Pronoun — The determinative pronoun is, that, the aforesaid, the one, is	Demonstrative Pronouns
674	bn-087-demonstrative-pronouns	The Determinative Pronoun — The determinative pronoun is, that, the aforesaid, the one, is	Demonstrative Pronouns
675	bn-087-demonstrative-pronouns	The Determinative Pronoun — The determinative pronoun is, that, the aforesaid, the one, is	Demonstrative Pronouns
676	bn-087-demonstrative-pronouns	The Pronoun of Identity — The pronoun of identity, īdem, the same, is declined as follows:	Demonstrative Pronouns
677	bn-087-demonstrative-pronouns	The Pronoun of Identity — The pronoun of identity, īdem, the same, is declined as follows:	Demonstrative Pronouns
678	bn-087-demonstrative-pronouns	The Pronoun of Identity — The pronoun of identity, īdem, the same, is declined as follows:	Demonstrative Pronouns
679	bn-088-the-intensive-pronoun	The Intensive Pronoun — The intensive pronoun ipse, himself, stems ipso-, ipsā-, is declin	The Intensive Pronoun
680	bn-088-the-intensive-pronoun	The Intensive Pronoun — The intensive pronoun ipse, himself, stems ipso-, ipsā-, is declin	The Intensive Pronoun
681	bn-089-the-relative-pronoun,bn-090-interrogative-pronouns	quī AND quis — The stem qui-, or quo-, quā-, is used in three ways: as a relative, who, wh	The Relative Pronoun; Interrogative Pronouns
682	bn-089-the-relative-pronoun,bn-090-interrogative-pronouns	quī AND quis — The stem qui-, or quo-, quā-, is used in three ways: as a relative, who, wh	The Relative Pronoun; Interrogative Pronouns
683	bn-089-the-relative-pronoun,bn-090-interrogative-pronouns	quī AND quis — The stem qui-, or quo-, quā-, is used in three ways: as a relative, who, wh	The Relative Pronoun; Interrogative Pronouns
684	bn-089-the-relative-pronoun,bn-090-interrogative-pronouns	quī AND quis — The stem qui-, or quo-, quā-, is used in three ways: as a relative, who, wh	The Relative Pronoun; Interrogative Pronouns
685	bn-089-the-relative-pronoun,bn-090-interrogative-pronouns	quī AND quis — The stem qui-, or quo-, quā-, is used in three ways: as a relative, who, wh	The Relative Pronoun; Interrogative Pronouns
686	bn-089-the-relative-pronoun,bn-090-interrogative-pronouns	quī AND quis — The stem qui-, or quo-, quā-, is used in three ways: as a relative, who, wh	The Relative Pronoun; Interrogative Pronouns
687	bn-089-the-relative-pronoun,bn-090-interrogative-pronouns	quī AND quis — The stem qui-, or quo-, quā-, is used in three ways: as a relative, who, wh	The Relative Pronoun; Interrogative Pronouns
688	bn-089-the-relative-pronoun,bn-090-interrogative-pronouns	quī AND quis — The stem qui-, or quo-, quā-, is used in three ways: as a relative, who, wh	The Relative Pronoun; Interrogative Pronouns
689	bn-089-the-relative-pronoun,bn-090-interrogative-pronouns	quī AND quis — The stem qui-, or quo-, quā-, is used in three ways: as a relative, who, wh	The Relative Pronoun; Interrogative Pronouns
690	bn-089-the-relative-pronoun,bn-090-interrogative-pronouns	quī AND quis — The stem qui-, or quo-, quā-, is used in three ways: as a relative, who, wh	The Relative Pronoun; Interrogative Pronouns
691	bn-091-indefinite-pronouns	Derivatives of quī and quis — The derivatives of quī and quis have commonly quis and quid 	Indefinite Pronouns
692	bn-091-indefinite-pronouns	Derivatives of quī and quis — The derivatives of quī and quis have commonly quis and quid 	Indefinite Pronouns
693	bn-092-pronominal-adjectives	uter — uter, utra, utrum, whether? which of the two? has the genitive singular utrīus, and	Pronominal Adjectives
694	bn-092-pronominal-adjectives	Derivatives of uter — The derivatives of uter are declined like uter; they are: neuter, ne	Pronominal Adjectives
695	bn-092-pronominal-adjectives	Correlative Pronouns — Pronouns often correspond with each other in meaning and form; some	Pronominal Adjectives
696	bn-140-adverbs	Nouns As Adverbs — Adverbs, conjunctions, and prepositions are chiefly noun or pronoun cas	Adverbs
697	bn-140-adverbs	Nouns As Adverbs — Adverbs, conjunctions, and prepositions are chiefly noun or pronoun cas	Adverbs
698	bn-140-adverbs	Nouns As Adverbs — Adverbs, conjunctions, and prepositions are chiefly noun or pronoun cas	Adverbs
699	bn-140-adverbs	Accusative of Substantives — domum, homeward, home; rūs, afield; forās, out of doors (*for	Adverbs
700	bn-140-adverbs	Accusative of Substantives — domum, homeward, home; rūs, afield; forās, out of doors (*for	Adverbs
701	bn-076-formation-and-comparison-of-adverbs,bn-140-adverbs	Accusative of Adjectives and Pronouns — Neuters: all comparative adverbs in -ius (361): as	Formation and Comparison of Adverbs; Adverbs
702	bn-076-formation-and-comparison-of-adverbs,bn-140-adverbs	Accusative of Adjectives and Pronouns — Neuters: all comparative adverbs in -ius (361): as	Formation and Comparison of Adverbs; Adverbs
703	bn-140-adverbs	Ablative of Substantives — domō, from home, rūre, from the country; hodiē, to-day (ho-, di	Adverbs
704	bn-076-formation-and-comparison-of-adverbs,bn-140-adverbs	Ablative of Adjectives and Pronouns — Many adverbs in -ō are formed from adjectives of tim	Formation and Comparison of Adverbs; Adverbs
705	bn-076-formation-and-comparison-of-adverbs,bn-140-adverbs	Ablative of Adjectives and Pronouns — Many adverbs in -ō are formed from adjectives of tim	Formation and Comparison of Adverbs; Adverbs
706	bn-076-formation-and-comparison-of-adverbs,bn-140-adverbs	Ablative of Adjectives and Pronouns — Many adverbs in -ō are formed from adjectives of tim	Formation and Comparison of Adverbs; Adverbs
707	bn-076-formation-and-comparison-of-adverbs,bn-140-adverbs	Ablative of Adjectives and Pronouns — Many adverbs in -ō are formed from adjectives of tim	Formation and Comparison of Adverbs; Adverbs
708	bn-140-adverbs	Locative — In -ī, from names of towns and a few other words: Karthāginī, at Carthage; Rōma	Adverbs
709	bn-140-adverbs	Locative — In -ī, from names of towns and a few other words: Karthāginī, at Carthage; Rōma	Adverbs
710	bn-140-adverbs	Other Endings — Besides the above, other endings are also found in words of this class: as	Adverbs
711	bn-140-adverbs	Correlative Adverbs — Adverbs derived from pronoun stems often correspond with each other 	Adverbs
712	bn-140-adverbs	Sentences As Adverbs — Some adverbs are condensed sentences: as, īlicet, you may go, strai	Adverbs
713	bn-140-adverbs	Sentences As Adverbs — Some adverbs are condensed sentences: as, īlicet, you may go, strai	Adverbs
714	bn-098-the-four-conjugations,bn-097-verb-stems	Inflection of the Verb: The Stem — The stem contains the meaning of the verb, and also den	The Four Conjugations; Verb Stems
715	bn-098-the-four-conjugations,bn-097-verb-stems	Inflection of the Verb: The Stem — The stem contains the meaning of the verb, and also den	The Four Conjugations; Verb Stems
716	bn-098-the-four-conjugations,bn-097-verb-stems	Inflection of the Verb: The Stem — The stem contains the meaning of the verb, and also den	The Four Conjugations; Verb Stems
717	bn-098-the-four-conjugations,bn-097-verb-stems	Inflection of the Verb: The Stem — The stem contains the meaning of the verb, and also den	The Four Conjugations; Verb Stems
718	bn-098-the-four-conjugations,bn-097-verb-stems	Inflection of the Verb: The Stem — The stem contains the meaning of the verb, and also den	The Four Conjugations; Verb Stems
719	bn-098-the-four-conjugations,bn-097-verb-stems	Inflection of the Verb: The Stem — The stem contains the meaning of the verb, and also den	The Four Conjugations; Verb Stems
720	bn-098-the-four-conjugations,bn-097-verb-stems	Inflection of the Verb: The Stem — The stem contains the meaning of the verb, and also den	The Four Conjugations; Verb Stems
721	bn-098-the-four-conjugations	The Person Ending — The person ending limits the meaning of the stem by pointing out the p	The Four Conjugations
722	bn-098-the-four-conjugations	The Person Ending — The person ending limits the meaning of the stem by pointing out the p	The Four Conjugations
723	bn-098-the-four-conjugations	The Person Ending — The person ending limits the meaning of the stem by pointing out the p	The Four Conjugations
724	bn-098-the-four-conjugations	The Person Ending — The person ending limits the meaning of the stem by pointing out the p	The Four Conjugations
725	bn-098-the-four-conjugations	The Person Ending — The person ending limits the meaning of the stem by pointing out the p	The Four Conjugations
726	bn-098-the-four-conjugations	The Person Ending — The person ending limits the meaning of the stem by pointing out the p	The Four Conjugations
727	bn-098-the-four-conjugations	The Person Ending — The person ending limits the meaning of the stem by pointing out the p	The Four Conjugations
728	bn-098-the-four-conjugations	The Person Ending — The person ending limits the meaning of the stem by pointing out the p	The Four Conjugations
729	bn-098-the-four-conjugations	The Person Ending — The person ending limits the meaning of the stem by pointing out the p	The Four Conjugations
730	bn-098-the-four-conjugations	The Person Ending — The person ending limits the meaning of the stem by pointing out the p	The Four Conjugations
731	bn-098-the-four-conjugations	The Person Ending — The person ending limits the meaning of the stem by pointing out the p	The Four Conjugations
732	bn-098-the-four-conjugations	Nouns of the Verb — The verb is accompanied by some nouns, which are conveniently, though 	The Four Conjugations
733	bn-097-verb-stems	Principal Parts — The several verb stems can readily be found, when once the principal par	Verb Stems
734	bn-097-verb-stems	Principal Parts — The several verb stems can readily be found, when once the principal par	Verb Stems
735	bn-097-verb-stems	Principal Parts — The several verb stems can readily be found, when once the principal par	Verb Stems
736	bn-098-the-four-conjugations	Designation of the Verb — A verb is usually named by the present indicative active first p	The Four Conjugations
737	bn-098-the-four-conjugations	Designation of the Verb — A verb is usually named by the present indicative active first p	The Four Conjugations
738		Theme of the Verb — The several stems of the verb come from a form called the Theme. In pr	
739		Theme of the Verb — The several stems of the verb come from a form called the Theme. In pr	
740		Theme of the Verb — The several stems of the verb come from a form called the Theme. In pr	
741	bn-098-the-four-conjugations	Arrangement of the Verb — Verbs are divided into two classes, according to the form of the	The Four Conjugations
742	bn-098-the-four-conjugations	Arrangement of the Verb — Verbs are divided into two classes, according to the form of the	The Four Conjugations
743	bn-124-irregular-verbs	Primitive Verbs — A few of the oldest and commonest verbs of everyday life have a bare roo	Irregular Verbs
744	bn-124-irregular-verbs	Root Verbs: With a Prevalent Bare Root — Primitives with the bare root as present indicati	Irregular Verbs
745	bn-100-conjugation-of-sum	sum, am (es-, s-) — sum, am, is used only in the present system (720). The perfect system 	Conjugation of Sum
746	bn-100-conjugation-of-sum	sum, am (es-, s-) — sum, am, is used only in the present system (720). The perfect system 	Conjugation of Sum
747	bn-100-conjugation-of-sum	sum, am (es-, s-) — sum, am, is used only in the present system (720). The perfect system 	Conjugation of Sum
748	bn-100-conjugation-of-sum	sum, am (es-, s-) — sum, am, is used only in the present system (720). The perfect system 	Conjugation of Sum
749	bn-100-conjugation-of-sum	sum, am (es-, s-) — sum, am, is used only in the present system (720). The perfect system 	Conjugation of Sum
750	bn-100-conjugation-of-sum	sum, am (es-, s-) — sum, am, is used only in the present system (720). The perfect system 	Conjugation of Sum
751	bn-100-conjugation-of-sum	sum, am (es-, s-) — sum, am, is used only in the present system (720). The perfect system 	Conjugation of Sum
752	bn-100-conjugation-of-sum	sum, am (es-, s-) — sum, am, is used only in the present system (720). The perfect system 	Conjugation of Sum
753	bn-100-conjugation-of-sum	sum, am (es-, s-) — sum, am, is used only in the present system (720). The perfect system 	Conjugation of Sum
754	bn-124-irregular-verbs	dō, give, put (dā-, da-) — There are two verbs dō, one meaning give, and one meaning put. 	Irregular Verbs
755	bn-124-irregular-verbs	dō, give, put (dā-, da-) — There are two verbs dō, one meaning give, and one meaning put. 	Irregular Verbs
756	bn-124-irregular-verbs	dō, give, put (dā-, da-) — There are two verbs dō, one meaning give, and one meaning put. 	Irregular Verbs
757	bn-124-irregular-verbs	dō, give, put (dā-, da-) — There are two verbs dō, one meaning give, and one meaning put. 	Irregular Verbs
758	bn-117-formation-of-the-verb-stems,bn-105-third-or-consonant-conjugation	bibō, serō, and sistō — bibō, drink, serō, sow (for *si-sō, 154), and sistō, set, form the	Formation of the Verb Stems; Third (or Consonant-) Conjugation
759	bn-124-irregular-verbs,bn-133-defective-verbs	inquam, eō, and queō — inquam, eō, and queō have the bare root as present stem, in almost 	Irregular Verbs; Defective Verbs
760	bn-133-defective-verbs	inquam, say I, quoth I — inquam, say I, is chiefly used in quoting a person’s direct words	Defective Verbs
761	bn-133-defective-verbs	inquam, say I, quoth I — inquam, say I, is chiefly used in quoting a person’s direct words	Defective Verbs
762	bn-133-defective-verbs	inquam, say I, quoth I — inquam, say I, is chiefly used in quoting a person’s direct words	Defective Verbs
763	bn-124-irregular-verbs	eō, go (ī- for ei-, i-) — The passive is only used impersonally, and has a neuter gerundiv	Irregular Verbs
764	bn-124-irregular-verbs	eō, go (ī- for ei-, i-) — The passive is only used impersonally, and has a neuter gerundiv	Irregular Verbs
765	bn-124-irregular-verbs	eō, go (ī- for ei-, i-) — The passive is only used impersonally, and has a neuter gerundiv	Irregular Verbs
766	bn-124-irregular-verbs	eō, go (ī- for ei-, i-) — The passive is only used impersonally, and has a neuter gerundiv	Irregular Verbs
767	bn-124-irregular-verbs	eō, go (ī- for ei-, i-) — The passive is only used impersonally, and has a neuter gerundiv	Irregular Verbs
768	bn-124-irregular-verbs	queō, can — queō, can, and nequeō, can’t, have the perfect quīvī, the rest like eō (762); 	Irregular Verbs
769	bn-124-irregular-verbs	edō, eat (ed-, ēd-) — edō, eat, has a present system with a formative vowel like regō thro	Irregular Verbs
770	bn-124-irregular-verbs	edō, eat (ed-, ēd-) — edō, eat, has a present system with a formative vowel like regō thro	Irregular Verbs
771	bn-124-irregular-verbs	edō, eat (ed-, ēd-) — edō, eat, has a present system with a formative vowel like regō thro	Irregular Verbs
772	bn-124-irregular-verbs	edō, eat (ed-, ēd-) — edō, eat, has a present system with a formative vowel like regō thro	Irregular Verbs
773	bn-124-irregular-verbs	edō, eat (ed-, ēd-) — edō, eat, has a present system with a formative vowel like regō thro	Irregular Verbs
774	bn-124-irregular-verbs	volō, will, wish, want, am willing (vol-, vel-) — volo for volō is rare (2443). volt and v	Irregular Verbs
775	bn-124-irregular-verbs	volō, will, wish, want, am willing (vol-, vel-) — volo for volō is rare (2443). volt and v	Irregular Verbs
776	bn-124-irregular-verbs	volō, will, wish, want, am willing (vol-, vel-) — volo for volō is rare (2443). volt and v	Irregular Verbs
777	bn-124-irregular-verbs	volō, will, wish, want, am willing (vol-, vel-) — volo for volō is rare (2443). volt and v	Irregular Verbs
778	bn-124-irregular-verbs	volō, will, wish, want, am willing (vol-, vel-) — volo for volō is rare (2443). volt and v	Irregular Verbs
779	bn-124-irregular-verbs	volō, will, wish, want, am willing (vol-, vel-) — volo for volō is rare (2443). volt and v	Irregular Verbs
780	bn-124-irregular-verbs	ferō, carry (fer-) — ferō, carry, is used only in the present system (720). The other part	Irregular Verbs
781	bn-124-irregular-verbs	ferō, carry (fer-) — ferō, carry, is used only in the present system (720). The other part	Irregular Verbs
782	bn-105-third-or-consonant-conjugation	Primitive Verbs: Verbs in -ere — regō, rule. regō regere rēxī rēctus Present Tense. Singul	Third (or Consonant-) Conjugation
783	bn-105-third-or-consonant-conjugation	Inflection of the Verb: Verbs in -ere — regor, am ruled. Present Tense. Singular. Plural. 	Third (or Consonant-) Conjugation
784	bn-109-verbs-in-io-of-the-third-conjugation	Verbs in -iō, -ere — Verbs in -iō, -ere, as capiō, capere, take (cap-⟧), drop an i in some	Verbs in -Iō of the Third Conjugation
785	bn-109-verbs-in-io-of-the-third-conjugation	Verbs in -iō, -ere — Verbs in -iō, -ere, as capiō, capere, take (cap-⟧), drop an i in some	Verbs in -Iō of the Third Conjugation
786	bn-109-verbs-in-io-of-the-third-conjugation	Verbs in -iō, -ere — Verbs in -iō, -ere, as capiō, capere, take (cap-⟧), drop an i in some	Verbs in -Iō of the Third Conjugation
787	bn-109-verbs-in-io-of-the-third-conjugation	Verbs in -iō, -ere — Verbs in -iō, -ere, as capiō, capere, take (cap-⟧), drop an i in some	Verbs in -Iō of the Third Conjugation
788	bn-109-verbs-in-io-of-the-third-conjugation	Verbs in -iō, -ere — Verbs in -iō, -ere, as capiō, capere, take (cap-⟧), drop an i in some	Verbs in -Iō of the Third Conjugation
789	bn-109-verbs-in-io-of-the-third-conjugation	Verbs in -iō, -ere — Verbs in -iō, -ere, as capiō, capere, take (cap-⟧), drop an i in some	Verbs in -Iō of the Third Conjugation
790	bn-109-verbs-in-io-of-the-third-conjugation	Verbs in -iō, -ere — Verbs in -iō, -ere, as capiō, capere, take (cap-⟧), drop an i in some	Verbs in -Iō of the Third Conjugation
791	bn-109-verbs-in-io-of-the-third-conjugation	Verbs in -iō, -ere — Verbs in -iō, -ere, as capiō, capere, take (cap-⟧), drop an i in some	Verbs in -Iō of the Third Conjugation
792	bn-101-first-or-a-conjugation	Denominative Verbs: Verbs in -āre — laudō, praise. laudō laudāre laudāvī laudātus Present 	First (or Ā-) Conjugation
793	bn-101-first-or-a-conjugation	Inflection of the Verb: Verbs in -āre — laudor, am praised. Present Tense. Singular. Plura	First (or Ā-) Conjugation
794	bn-103-second-or-e-conjugation	Verbs in -āre: Verbs in -ēre — moneō, advise. moneō monēre monuī monitus Present Tense. Si	Second (or Ē-) Conjugation
795	bn-103-second-or-e-conjugation	Denominative Verbs: Verbs in -ēre — moneor, am advised. Present Tense. Singular. Plural. m	Second (or Ē-) Conjugation
796	bn-107-fourth-or-i-conjugation	Verbs in -ēre: Verbs in -īre — audiō, hear. audiō audīre audīvī audītus Present Tense. Sin	Fourth (or Ī-) Conjugation
797	bn-107-fourth-or-i-conjugation	Denominative Verbs: Verbs in -īre — audior, am heard. Present Tense. Singular. Plural. aud	Fourth (or Ī-) Conjugation
798	bn-112-deponent-verbs,bn-114-semi-deponents	The Deponent Verb — Deponents, that is, verbs with passive person endings and a reflexive 	Deponent Verbs; Semi-deponents
799	bn-112-deponent-verbs,bn-114-semi-deponents	The Deponent Verb — Deponents, that is, verbs with passive person endings and a reflexive 	Deponent Verbs; Semi-deponents
800	bn-112-deponent-verbs,bn-114-semi-deponents	The Deponent Verb — Deponents, that is, verbs with passive person endings and a reflexive 	Deponent Verbs; Semi-deponents
801	bn-112-deponent-verbs,bn-114-semi-deponents	The Deponent Verb — Deponents, that is, verbs with passive person endings and a reflexive 	Deponent Verbs; Semi-deponents
802	bn-115-periphrastic-conjugation	Periphrastic Forms — (1.) The future active participle with a form of sum is used to denot	Periphrastic Conjugation
803	bn-115-periphrastic-conjugation	Periphrastic Forms — (1.) The future active participle with a form of sum is used to denot	Periphrastic Conjugation
804	bn-115-periphrastic-conjugation	Periphrastic Forms — (1.) The future active participle with a form of sum is used to denot	Periphrastic Conjugation
805	bn-133-defective-verbs	Defective Verbs — (1.) Some verbs have only a few forms: as, inquam, quoth I (760); aiō, a	Defective Verbs
806	bn-133-defective-verbs	Defective Verbs — (1.) Some verbs have only a few forms: as, inquam, quoth I (760); aiō, a	Defective Verbs
807	bn-133-defective-verbs	Defective Verbs — (1.) Some verbs have only a few forms: as, inquam, quoth I (760); aiō, a	Defective Verbs
808	bn-133-defective-verbs	Defective Verbs — (1.) Some verbs have only a few forms: as, inquam, quoth I (760); aiō, a	Defective Verbs
809	bn-133-defective-verbs	Defective Verbs — (1.) Some verbs have only a few forms: as, inquam, quoth I (760); aiō, a	Defective Verbs
810	bn-133-defective-verbs	Defective Verbs — (1.) Some verbs have only a few forms: as, inquam, quoth I (760); aiō, a	Defective Verbs
811	bn-133-defective-verbs	Defective Verbs — (1.) Some verbs have only a few forms: as, inquam, quoth I (760); aiō, a	Defective Verbs
812	bn-133-defective-verbs	Defective Verbs — (1.) Some verbs have only a few forms: as, inquam, quoth I (760); aiō, a	Defective Verbs
813	bn-133-defective-verbs	Defective Verbs — (1.) Some verbs have only a few forms: as, inquam, quoth I (760); aiō, a	Defective Verbs
814	bn-133-defective-verbs	Defective Verbs — (1.) Some verbs have only a few forms: as, inquam, quoth I (760); aiō, a	Defective Verbs
815	bn-133-defective-verbs	Defective Verbs — (1.) Some verbs have only a few forms: as, inquam, quoth I (760); aiō, a	Defective Verbs
816	bn-133-defective-verbs	Defective Verbs — (1.) Some verbs have only a few forms: as, inquam, quoth I (760); aiō, a	Defective Verbs
817	bn-133-defective-verbs	Defective Verbs — (1.) Some verbs have only a few forms: as, inquam, quoth I (760); aiō, a	Defective Verbs
818		Redundant Verbs — (1.) Some verbs have more than one form of the present stem: thus, (a.) 	
819		Redundant Verbs — (1.) Some verbs have more than one form of the present stem: thus, (a.) 	
820		Redundant Verbs — (1.) Some verbs have more than one form of the present stem: thus, (a.) 	
821		Redundant Verbs — (1.) Some verbs have more than one form of the present stem: thus, (a.) 	
822		Redundant Verbs — (1.) Some verbs have more than one form of the present stem: thus, (a.) 	
823		Redundant Verbs — (1.) Some verbs have more than one form of the present stem: thus, (a.) 	
824	bn-117-formation-of-the-verb-stems	Variable Vowel — The final vowel of a tense stem is said to be variable when it is -o- in 	Formation of the Verb Stems
825	bn-117-formation-of-the-verb-stems	Variable Vowel — The final vowel of a tense stem is said to be variable when it is -o- in 	Formation of the Verb Stems
826	bn-117-formation-of-the-verb-stems	Variable Vowel — The final vowel of a tense stem is said to be variable when it is -o- in 	Formation of the Verb Stems
827	bn-117-formation-of-the-verb-stems	Variable Vowel — The final vowel of a tense stem is said to be variable when it is -o- in 	Formation of the Verb Stems
828	bn-124-irregular-verbs,bn-100-conjugation-of-sum	The Present System: Root Verbs — A root without addition is used as the present stem, in t	Irregular Verbs; Conjugation of Sum
829	bn-105-third-or-consonant-conjugation,bn-109-verbs-in-io-of-the-third-conjugation	The Present System: Verbs in -ere — (1.) The present stem of many verbs in -ere is formed 	Third (or Consonant-) Conjugation; Verbs in -Iō of the Third Conjugation
830	bn-105-third-or-consonant-conjugation,bn-109-verbs-in-io-of-the-third-conjugation	The Present System: Verbs in -ere — (1.) The present stem of many verbs in -ere is formed 	Third (or Consonant-) Conjugation; Verbs in -Iō of the Third Conjugation
831	bn-105-third-or-consonant-conjugation,bn-109-verbs-in-io-of-the-third-conjugation	The Present System: Verbs in -ere — (1.) The present stem of many verbs in -ere is formed 	Third (or Consonant-) Conjugation; Verbs in -Iō of the Third Conjugation
832	bn-105-third-or-consonant-conjugation,bn-109-verbs-in-io-of-the-third-conjugation	The Present System: Verbs in -ere — (1.) The present stem of many verbs in -ere is formed 	Third (or Consonant-) Conjugation; Verbs in -Iō of the Third Conjugation
833	bn-105-third-or-consonant-conjugation,bn-109-verbs-in-io-of-the-third-conjugation	The Present System: Verbs in -ere — (1.) The present stem of many verbs in -ere is formed 	Third (or Consonant-) Conjugation; Verbs in -Iō of the Third Conjugation
834	bn-105-third-or-consonant-conjugation,bn-109-verbs-in-io-of-the-third-conjugation	The Present System: Verbs in -ere — (1.) The present stem of many verbs in -ere is formed 	Third (or Consonant-) Conjugation; Verbs in -Iō of the Third Conjugation
835	bn-105-third-or-consonant-conjugation,bn-109-verbs-in-io-of-the-third-conjugation	The Present System: Verbs in -ere — (1.) The present stem of many verbs in -ere is formed 	Third (or Consonant-) Conjugation; Verbs in -Iō of the Third Conjugation
836	bn-105-third-or-consonant-conjugation,bn-109-verbs-in-io-of-the-third-conjugation	The Present System: Verbs in -ere — (1.) The present stem of many verbs in -ere is formed 	Third (or Consonant-) Conjugation; Verbs in -Iō of the Third Conjugation
837	bn-105-third-or-consonant-conjugation,bn-109-verbs-in-io-of-the-third-conjugation	The Present System: Verbs in -ere — (1.) The present stem of many verbs in -ere is formed 	Third (or Consonant-) Conjugation; Verbs in -Iō of the Third Conjugation
838	bn-105-third-or-consonant-conjugation,bn-109-verbs-in-io-of-the-third-conjugation	The Present System: Verbs in -ere — (1.) The present stem of many verbs in -ere is formed 	Third (or Consonant-) Conjugation; Verbs in -Iō of the Third Conjugation
839		Denominatives — The present stem of denominatives is formed by attaching a variable vowel 	
840		Denominatives — The present stem of denominatives is formed by attaching a variable vowel 	
841		Present Subjunctive — The suffix of the present subjunctive of sum, am, is -ī-, which beco	
842		Present Subjunctive — The suffix of the present subjunctive of sum, am, is -ī-, which beco	
843		Present Subjunctive — The suffix of the present subjunctive of sum, am, is -ī-, which beco	
844		Imperative — Root verbs have a root as imperative stem (745-780): as, es, &c., fer, &c. Bu	
845		Imperative — Root verbs have a root as imperative stem (745-780): as, es, &c., fer, &c. Bu	
846		Imperative — Root verbs have a root as imperative stem (745-780): as, es, &c., fer, &c. Bu	
847		Imperfect Indicative — The imperfect indicative stem ends in -bā-, which becomes -ba- in s	
848		Imperfect Indicative — The imperfect indicative stem ends in -bā-, which becomes -ba- in s	
849		Imperfect Subjunctive — The imperfect subjunctive stem ends in -rē-, which becomes -re- in	
850		Imperfect Subjunctive — The imperfect subjunctive stem ends in -rē-, which becomes -re- in	
851		Future — The future stem of sum, am, is ero|e-: erō, eri-s, eri-t, eri-mus, eri-tis, eru-n	
852		Future — The future stem of sum, am, is ero|e-: erō, eri-s, eri-t, eri-mus, eri-tis, eru-n	
853		Future — The future stem of sum, am, is ero|e-: erō, eri-s, eri-t, eri-mus, eri-tis, eru-n	
854	bn-117-formation-of-the-verb-stems	Perfect Indicative Stem — There are two kinds of perfect stems: (A.) Some verbs have as pe	Formation of the Verb Stems
855	bn-117-formation-of-the-verb-stems	Perfect Indicative Stem — There are two kinds of perfect stems: (A.) Some verbs have as pe	Formation of the Verb Stems
856	bn-117-formation-of-the-verb-stems	Perfect Indicative Stem — There are two kinds of perfect stems: (A.) Some verbs have as pe	Formation of the Verb Stems
857	bn-117-formation-of-the-verb-stems	Perfect Indicative Stem — There are two kinds of perfect stems: (A.) Some verbs have as pe	Formation of the Verb Stems
858	bn-117-formation-of-the-verb-stems	The Perfect System: Perfect Stem Without a Suffix — (1.) Some verbs in -ere form their per	Formation of the Verb Stems
859	bn-117-formation-of-the-verb-stems	The Perfect System: Perfect Stem Without a Suffix — (1.) Some verbs in -ere form their per	Formation of the Verb Stems
860	bn-117-formation-of-the-verb-stems	The Perfect System: Perfect Stem Without a Suffix — (1.) Some verbs in -ere form their per	Formation of the Verb Stems
861	bn-117-formation-of-the-verb-stems	The Perfect System: Perfect Stem Without a Suffix — (1.) Some verbs in -ere form their per	Formation of the Verb Stems
862	bn-117-formation-of-the-verb-stems	The Perfect System: Perfect Stem Without a Suffix — (1.) Some verbs in -ere form their per	Formation of the Verb Stems
863	bn-117-formation-of-the-verb-stems	The Perfect System: Perfect Stem Without a Suffix — (1.) Some verbs in -ere form their per	Formation of the Verb Stems
864	bn-117-formation-of-the-verb-stems	The Perfect System: Perfect Stem Without a Suffix — (1.) Some verbs in -ere form their per	Formation of the Verb Stems
865	bn-117-formation-of-the-verb-stems	The Perfect System: Perfect Stem Without a Suffix — (1.) Some verbs in -ere form their per	Formation of the Verb Stems
866	bn-117-formation-of-the-verb-stems	The Perfect System: Perfect Stem Without a Suffix — (1.) Some verbs in -ere form their per	Formation of the Verb Stems
867	bn-117-formation-of-the-verb-stems	The Perfect System: Perfect Stem in -s- — Many verbs in -ere form their perfect stem by ad	Formation of the Verb Stems
868	bn-117-formation-of-the-verb-stems	The Perfect System: Perfect Stem in -s- — Many verbs in -ere form their perfect stem by ad	Formation of the Verb Stems
869	bn-117-formation-of-the-verb-stems	Perfect Stem in -v- or -u- — (1.) Some verbs in -ere, with vowel roots, and almost all ver	Formation of the Verb Stems
870	bn-117-formation-of-the-verb-stems	Perfect Stem in -v- or -u- — (1.) Some verbs in -ere, with vowel roots, and almost all ver	Formation of the Verb Stems
871	bn-117-formation-of-the-verb-stems	Perfect Stem in -v- or -u- — (1.) Some verbs in -ere, with vowel roots, and almost all ver	Formation of the Verb Stems
872	bn-117-formation-of-the-verb-stems	Perfect Stem in -v- or -u- — (1.) Some verbs in -ere, with vowel roots, and almost all ver	Formation of the Verb Stems
873	bn-117-formation-of-the-verb-stems	Perfect Stem in -v- or -u- — (1.) Some verbs in -ere, with vowel roots, and almost all ver	Formation of the Verb Stems
874	bn-117-formation-of-the-verb-stems	Perfect Stem in -v- or -u- — (1.) Some verbs in -ere, with vowel roots, and almost all ver	Formation of the Verb Stems
875	bn-117-formation-of-the-verb-stems	Perfect Stem in -v- or -u- — (1.) Some verbs in -ere, with vowel roots, and almost all ver	Formation of the Verb Stems
876		Perfect Subjunctive — The perfect subjunctive stem ends in -erī-, for which -eri- is somet	
877		Perfect Subjunctive — The perfect subjunctive stem ends in -erī-, for which -eri- is somet	
878		Perfect Subjunctive — The perfect subjunctive stem ends in -erī-, for which -eri- is somet	
879	bn-133-defective-verbs	Perfect Imperative — One verb only, meminī, remember, has a perfect imperative; in this im	Defective Verbs
880		Pluperfect Indicative — The pluperfect indicative stem ends in -erā-, which becomes -era- 	
881		Pluperfect Subjunctive — The pluperfect subjunctive stem ends in -issē-, which becomes -is	
882		Future Perfect — The future perfect stem ends in -erō- and -eri-: as, rēxerō, rēxeri-s, rē	
883		Future Perfect — The future perfect stem ends in -erō- and -eri-: as, rēxerō, rēxeri-s, rē	
884		Future Perfect — The future perfect stem ends in -erō- and -eri-: as, rēxerō, rēxeri-s, rē	
885	bn-116-peculiarities-of-conjugation	Short or Old Forms — (1.) Some shorter forms in the perfect system are principally found i	Peculiarities of Conjugation
886	bn-116-peculiarities-of-conjugation	Short or Old Forms — (1.) Some shorter forms in the perfect system are principally found i	Peculiarities of Conjugation
887	bn-116-peculiarities-of-conjugation	Short or Old Forms — (1.) Some shorter forms in the perfect system are principally found i	Peculiarities of Conjugation
888	bn-116-peculiarities-of-conjugation	Short or Old Forms — (1.) Some shorter forms in the perfect system are principally found i	Peculiarities of Conjugation
889	bn-116-peculiarities-of-conjugation	Short or Old Forms — (1.) Some shorter forms in the perfect system are principally found i	Peculiarities of Conjugation
890	bn-116-peculiarities-of-conjugation	Short or Old Forms — (1.) Some shorter forms in the perfect system are principally found i	Peculiarities of Conjugation
891	bn-116-peculiarities-of-conjugation	Short or Old Forms — (1.) Some shorter forms in the perfect system are principally found i	Peculiarities of Conjugation
892	bn-116-peculiarities-of-conjugation	Short or Old Forms — (1.) Some shorter forms in the perfect system are principally found i	Peculiarities of Conjugation
893	bn-116-peculiarities-of-conjugation	Short or Old Forms — (1.) Some shorter forms in the perfect system are principally found i	Peculiarities of Conjugation
894	bn-098-the-four-conjugations	Infinitive — The active infinitive has the ending -re in the present, and -isse in the per	The Four Conjugations
895	bn-098-the-four-conjugations	Infinitive — The active infinitive has the ending -re in the present, and -isse in the per	The Four Conjugations
896	bn-098-the-four-conjugations	Infinitive — The active infinitive has the ending -re in the present, and -isse in the per	The Four Conjugations
897	bn-098-the-four-conjugations	Infinitive — The active infinitive has the ending -re in the present, and -isse in the per	The Four Conjugations
898	bn-098-the-four-conjugations	Infinitive — The active infinitive has the ending -re in the present, and -isse in the per	The Four Conjugations
899		Gerundive and Gerund — The gerundive stem is formed by adding -ndo-, nominative -ndus, -nd	
900	bn-117-formation-of-the-verb-stems	Supine — The supine stem is formed by the suffix -tu-, which is often changed to -su- (912	Formation of the Verb Stems
901		Present Participle — The present participle stem is formed by adding -nt- or -nti-, nomina	
902		Present Participle — The present participle stem is formed by adding -nt- or -nti-, nomina	
903		Present Participle — The present participle stem is formed by adding -nt- or -nti-, nomina	
904	bn-117-formation-of-the-verb-stems	Future Participle — The future participle suffix is -tūro-, nominative -tūrus, -tūra, -tūr	Formation of the Verb Stems
905	bn-117-formation-of-the-verb-stems	Future Participle — The future participle suffix is -tūro-, nominative -tūrus, -tūra, -tūr	Formation of the Verb Stems
906	bn-117-formation-of-the-verb-stems	Perfect Participle — The perfect participle suffix is -to-, nominative -tus, -ta, -tum, wh	Formation of the Verb Stems
907	bn-117-formation-of-the-verb-stems	Perfect Participle — The perfect participle suffix is -to-, nominative -tus, -ta, -tum, wh	Formation of the Verb Stems
908	bn-117-formation-of-the-verb-stems	Perfect Participle — The perfect participle suffix is -to-, nominative -tus, -ta, -tum, wh	Formation of the Verb Stems
909	bn-117-formation-of-the-verb-stems	Perfect Participle — The perfect participle suffix is -to-, nominative -tus, -ta, -tum, wh	Formation of the Verb Stems
910	bn-117-formation-of-the-verb-stems	Perfect Participle — The perfect participle suffix is -to-, nominative -tus, -ta, -tum, wh	Formation of the Verb Stems
911	bn-117-formation-of-the-verb-stems	Perfect Participle — The perfect participle suffix is -to-, nominative -tus, -ta, -tum, wh	Formation of the Verb Stems
912	bn-117-formation-of-the-verb-stems	Perfect Participle — The perfect participle suffix is -to-, nominative -tus, -ta, -tum, wh	Formation of the Verb Stems
913	bn-117-formation-of-the-verb-stems	Perfect Participle — The perfect participle suffix is -to-, nominative -tus, -ta, -tum, wh	Formation of the Verb Stems
914	bn-117-formation-of-the-verb-stems	Perfect Participle — The perfect participle suffix is -to-, nominative -tus, -ta, -tum, wh	Formation of the Verb Stems
915	bn-117-formation-of-the-verb-stems	Perfect Participle — The perfect participle suffix is -to-, nominative -tus, -ta, -tum, wh	Formation of the Verb Stems
916	bn-117-formation-of-the-verb-stems	Perfect Participle — The perfect participle suffix is -to-, nominative -tus, -ta, -tum, wh	Formation of the Verb Stems
917	bn-117-formation-of-the-verb-stems	Perfect Participle — The perfect participle suffix is -to-, nominative -tus, -ta, -tum, wh	Formation of the Verb Stems
918	bn-117-formation-of-the-verb-stems	Perfect Participle — The perfect participle suffix is -to-, nominative -tus, -ta, -tum, wh	Formation of the Verb Stems
919	bn-117-formation-of-the-verb-stems	Perfect Participle — The perfect participle suffix is -to-, nominative -tus, -ta, -tum, wh	Formation of the Verb Stems
920	bn-120-list-of-the-most-important-verbs-with	List of Verbs Arranged According to the Principal Parts — I. The principal parts of root v	List of the Most Important Verbs, with Principal Parts
921	bn-120-list-of-the-most-important-verbs-with	List of Verbs Arranged According to the Principal Parts — I. The principal parts of root v	List of the Most Important Verbs, with Principal Parts
922	bn-124-irregular-verbs	Primitive Verbs: Root Verbs — Root verbs have their principal parts as follows: sum, am es	Irregular Verbs
923	bn-120-list-of-the-most-important-verbs-with,bn-117-formation-of-the-verb-stems	Primitive Verbs: Perfect Stem Without a Suffix — (1 a.) The following verbs in -ere have a	List of the Most Important Verbs, with Principal Parts; Formation of the Verb Stems
924	bn-120-list-of-the-most-important-verbs-with,bn-117-formation-of-the-verb-stems	Primitive Verbs: Perfect Stem Without a Suffix — (1 a.) The following verbs in -ere have a	List of the Most Important Verbs, with Principal Parts; Formation of the Verb Stems
925	bn-120-list-of-the-most-important-verbs-with,bn-117-formation-of-the-verb-stems	Primitive Verbs: Perfect Stem Without a Suffix — (1 a.) The following verbs in -ere have a	List of the Most Important Verbs, with Principal Parts; Formation of the Verb Stems
926	bn-120-list-of-the-most-important-verbs-with,bn-117-formation-of-the-verb-stems	Primitive Verbs: Perfect Stem Without a Suffix — (1 a.) The following verbs in -ere have a	List of the Most Important Verbs, with Principal Parts; Formation of the Verb Stems
927	bn-120-list-of-the-most-important-verbs-with,bn-117-formation-of-the-verb-stems	Primitive Verbs: Perfect Stem Without a Suffix — (1 a.) The following verbs in -ere have a	List of the Most Important Verbs, with Principal Parts; Formation of the Verb Stems
928	bn-120-list-of-the-most-important-verbs-with,bn-117-formation-of-the-verb-stems	Primitive Verbs: Perfect Stem Without a Suffix — (1 a.) The following verbs in -ere have a	List of the Most Important Verbs, with Principal Parts; Formation of the Verb Stems
929	bn-120-list-of-the-most-important-verbs-with,bn-117-formation-of-the-verb-stems	Primitive Verbs: Perfect Stem Without a Suffix — (1 a.) The following verbs in -ere have a	List of the Most Important Verbs, with Principal Parts; Formation of the Verb Stems
930	bn-120-list-of-the-most-important-verbs-with,bn-117-formation-of-the-verb-stems	Primitive Verbs: Perfect Stem Without a Suffix — (1 a.) The following verbs in -ere have a	List of the Most Important Verbs, with Principal Parts; Formation of the Verb Stems
931	bn-120-list-of-the-most-important-verbs-with,bn-117-formation-of-the-verb-stems	Primitive Verbs: Perfect Stem Without a Suffix — (1 a.) The following verbs in -ere have a	List of the Most Important Verbs, with Principal Parts; Formation of the Verb Stems
932	bn-120-list-of-the-most-important-verbs-with,bn-117-formation-of-the-verb-stems	Primitive Verbs: Perfect Stem Without a Suffix — (1 a.) The following verbs in -ere have a	List of the Most Important Verbs, with Principal Parts; Formation of the Verb Stems
933	bn-120-list-of-the-most-important-verbs-with,bn-117-formation-of-the-verb-stems	Primitive Verbs: Perfect Stem Without a Suffix — (1 a.) The following verbs in -ere have a	List of the Most Important Verbs, with Principal Parts; Formation of the Verb Stems
934	bn-120-list-of-the-most-important-verbs-with,bn-117-formation-of-the-verb-stems	Primitive Verbs: Perfect Stem Without a Suffix — (1 a.) The following verbs in -ere have a	List of the Most Important Verbs, with Principal Parts; Formation of the Verb Stems
935	bn-120-list-of-the-most-important-verbs-with,bn-117-formation-of-the-verb-stems	Primitive Verbs: Perfect Stem Without a Suffix — (1 a.) The following verbs in -ere have a	List of the Most Important Verbs, with Principal Parts; Formation of the Verb Stems
936	bn-120-list-of-the-most-important-verbs-with,bn-117-formation-of-the-verb-stems	Primitive Verbs: Perfect Stem Without a Suffix — (1 a.) The following verbs in -ere have a	List of the Most Important Verbs, with Principal Parts; Formation of the Verb Stems
937	bn-120-list-of-the-most-important-verbs-with,bn-117-formation-of-the-verb-stems	Primitive Verbs: Perfect Stem Without a Suffix — (1 a.) The following verbs in -ere have a	List of the Most Important Verbs, with Principal Parts; Formation of the Verb Stems
938	bn-120-list-of-the-most-important-verbs-with,bn-117-formation-of-the-verb-stems	Primitive Verbs: Perfect Stem Without a Suffix — (1 a.) The following verbs in -ere have a	List of the Most Important Verbs, with Principal Parts; Formation of the Verb Stems
939	bn-120-list-of-the-most-important-verbs-with,bn-117-formation-of-the-verb-stems	Primitive Verbs: Perfect Stem Without a Suffix — (1 a.) The following verbs in -ere have a	List of the Most Important Verbs, with Principal Parts; Formation of the Verb Stems
940	bn-120-list-of-the-most-important-verbs-with,bn-117-formation-of-the-verb-stems	Primitive Verbs: Perfect Stem Without a Suffix — (1 a.) The following verbs in -ere have a	List of the Most Important Verbs, with Principal Parts; Formation of the Verb Stems
941	bn-120-list-of-the-most-important-verbs-with,bn-117-formation-of-the-verb-stems	Primitive Verbs: Perfect Stem Without a Suffix — (1 a.) The following verbs in -ere have a	List of the Most Important Verbs, with Principal Parts; Formation of the Verb Stems
942	bn-120-list-of-the-most-important-verbs-with,bn-117-formation-of-the-verb-stems	Primitive Verbs: Perfect Stem Without a Suffix — (1 a.) The following verbs in -ere have a	List of the Most Important Verbs, with Principal Parts; Formation of the Verb Stems
943	bn-120-list-of-the-most-important-verbs-with,bn-117-formation-of-the-verb-stems	Primitive Verbs: Perfect Stem Without a Suffix — (1 a.) The following verbs in -ere have a	List of the Most Important Verbs, with Principal Parts; Formation of the Verb Stems
944	bn-120-list-of-the-most-important-verbs-with,bn-117-formation-of-the-verb-stems	Primitive Verbs: Perfect Stem Without a Suffix — (1 a.) The following verbs in -ere have a	List of the Most Important Verbs, with Principal Parts; Formation of the Verb Stems
945	bn-120-list-of-the-most-important-verbs-with,bn-117-formation-of-the-verb-stems	Primitive Verbs: Perfect Stem Without a Suffix — (1 a.) The following verbs in -ere have a	List of the Most Important Verbs, with Principal Parts; Formation of the Verb Stems
946	bn-120-list-of-the-most-important-verbs-with,bn-117-formation-of-the-verb-stems	Primitive Verbs: Perfect Stem Without a Suffix — (1 a.) The following verbs in -ere have a	List of the Most Important Verbs, with Principal Parts; Formation of the Verb Stems
947	bn-120-list-of-the-most-important-verbs-with,bn-117-formation-of-the-verb-stems	Primitive Verbs: Perfect Stem Without a Suffix — (1 a.) The following verbs in -ere have a	List of the Most Important Verbs, with Principal Parts; Formation of the Verb Stems
948	bn-120-list-of-the-most-important-verbs-with,bn-117-formation-of-the-verb-stems	Primitive Verbs: Perfect Stem Without a Suffix — (1 a.) The following verbs in -ere have a	List of the Most Important Verbs, with Principal Parts; Formation of the Verb Stems
949	bn-120-list-of-the-most-important-verbs-with,bn-117-formation-of-the-verb-stems	Primitive Verbs: Perfect Stem Without a Suffix — (1 a.) The following verbs in -ere have a	List of the Most Important Verbs, with Principal Parts; Formation of the Verb Stems
950	bn-120-list-of-the-most-important-verbs-with,bn-117-formation-of-the-verb-stems	Primitive Verbs: Perfect Stem Without a Suffix — (1 a.) The following verbs in -ere have a	List of the Most Important Verbs, with Principal Parts; Formation of the Verb Stems
951	bn-120-list-of-the-most-important-verbs-with,bn-117-formation-of-the-verb-stems	Primitive Verbs: Perfect Stem Without a Suffix — (1 a.) The following verbs in -ere have a	List of the Most Important Verbs, with Principal Parts; Formation of the Verb Stems
952	bn-120-list-of-the-most-important-verbs-with,bn-117-formation-of-the-verb-stems	Primitive Verbs: Perfect Stem in -s- — (1 a.) The following verbs in -ere have the perfect	List of the Most Important Verbs, with Principal Parts; Formation of the Verb Stems
953	bn-120-list-of-the-most-important-verbs-with,bn-117-formation-of-the-verb-stems	Primitive Verbs: Perfect Stem in -s- — (1 a.) The following verbs in -ere have the perfect	List of the Most Important Verbs, with Principal Parts; Formation of the Verb Stems
954	bn-120-list-of-the-most-important-verbs-with,bn-117-formation-of-the-verb-stems	Primitive Verbs: Perfect Stem in -s- — (1 a.) The following verbs in -ere have the perfect	List of the Most Important Verbs, with Principal Parts; Formation of the Verb Stems
955	bn-120-list-of-the-most-important-verbs-with,bn-117-formation-of-the-verb-stems	Primitive Verbs: Perfect Stem in -s- — (1 a.) The following verbs in -ere have the perfect	List of the Most Important Verbs, with Principal Parts; Formation of the Verb Stems
956	bn-120-list-of-the-most-important-verbs-with,bn-117-formation-of-the-verb-stems	Primitive Verbs: Perfect Stem in -s- — (1 a.) The following verbs in -ere have the perfect	List of the Most Important Verbs, with Principal Parts; Formation of the Verb Stems
957	bn-120-list-of-the-most-important-verbs-with,bn-117-formation-of-the-verb-stems	Primitive Verbs: Perfect Stem in -s- — (1 a.) The following verbs in -ere have the perfect	List of the Most Important Verbs, with Principal Parts; Formation of the Verb Stems
958	bn-120-list-of-the-most-important-verbs-with,bn-117-formation-of-the-verb-stems	Primitive Verbs: Perfect Stem in -s- — (1 a.) The following verbs in -ere have the perfect	List of the Most Important Verbs, with Principal Parts; Formation of the Verb Stems
959	bn-120-list-of-the-most-important-verbs-with,bn-117-formation-of-the-verb-stems	Primitive Verbs: Perfect Stem in -s- — (1 a.) The following verbs in -ere have the perfect	List of the Most Important Verbs, with Principal Parts; Formation of the Verb Stems
960	bn-120-list-of-the-most-important-verbs-with,bn-117-formation-of-the-verb-stems	Primitive Verbs: Perfect Stem in -s- — (1 a.) The following verbs in -ere have the perfect	List of the Most Important Verbs, with Principal Parts; Formation of the Verb Stems
961	bn-120-list-of-the-most-important-verbs-with,bn-117-formation-of-the-verb-stems	Primitive Verbs: Perfect Stem in -s- — (1 a.) The following verbs in -ere have the perfect	List of the Most Important Verbs, with Principal Parts; Formation of the Verb Stems
962	bn-120-list-of-the-most-important-verbs-with,bn-117-formation-of-the-verb-stems	Primitive Verbs: Perfect Stem in -v- — (2 a.) The following verbs in -ere have the perfect	List of the Most Important Verbs, with Principal Parts; Formation of the Verb Stems
963	bn-120-list-of-the-most-important-verbs-with,bn-117-formation-of-the-verb-stems	Primitive Verbs: Perfect Stem in -v- — (2 a.) The following verbs in -ere have the perfect	List of the Most Important Verbs, with Principal Parts; Formation of the Verb Stems
964	bn-120-list-of-the-most-important-verbs-with,bn-117-formation-of-the-verb-stems	Primitive Verbs: Perfect Stem in -v- — (2 a.) The following verbs in -ere have the perfect	List of the Most Important Verbs, with Principal Parts; Formation of the Verb Stems
965	bn-120-list-of-the-most-important-verbs-with,bn-117-formation-of-the-verb-stems	Primitive Verbs: Perfect Stem in -v- — (2 a.) The following verbs in -ere have the perfect	List of the Most Important Verbs, with Principal Parts; Formation of the Verb Stems
966	bn-120-list-of-the-most-important-verbs-with,bn-117-formation-of-the-verb-stems	Primitive Verbs: Perfect Stem in -v- — (2 a.) The following verbs in -ere have the perfect	List of the Most Important Verbs, with Principal Parts; Formation of the Verb Stems
967	bn-120-list-of-the-most-important-verbs-with,bn-117-formation-of-the-verb-stems	Primitive Verbs: Perfect Stem in -v- — (2 a.) The following verbs in -ere have the perfect	List of the Most Important Verbs, with Principal Parts; Formation of the Verb Stems
968	bn-120-list-of-the-most-important-verbs-with,bn-117-formation-of-the-verb-stems	Primitive Verbs: Perfect Stem in -v- — (2 a.) The following verbs in -ere have the perfect	List of the Most Important Verbs, with Principal Parts; Formation of the Verb Stems
969	bn-120-list-of-the-most-important-verbs-with,bn-117-formation-of-the-verb-stems	Primitive Verbs: Perfect Stem in -v- — (2 a.) The following verbs in -ere have the perfect	List of the Most Important Verbs, with Principal Parts; Formation of the Verb Stems
970	bn-120-list-of-the-most-important-verbs-with,bn-117-formation-of-the-verb-stems	Primitive Verbs: Perfect Stem in -v- — (2 a.) The following verbs in -ere have the perfect	List of the Most Important Verbs, with Principal Parts; Formation of the Verb Stems
971	bn-120-list-of-the-most-important-verbs-with,bn-117-formation-of-the-verb-stems	Primitive Verbs: Perfect Stem in -u- — (3.) The following verbs in -ere have the perfect s	List of the Most Important Verbs, with Principal Parts; Formation of the Verb Stems
972	bn-120-list-of-the-most-important-verbs-with,bn-117-formation-of-the-verb-stems	Primitive Verbs: Perfect Stem in -u- — (3.) The following verbs in -ere have the perfect s	List of the Most Important Verbs, with Principal Parts; Formation of the Verb Stems
973	bn-120-list-of-the-most-important-verbs-with,bn-117-formation-of-the-verb-stems	Primitive Verbs: Perfect Stem in -u- — (3.) The following verbs in -ere have the perfect s	List of the Most Important Verbs, with Principal Parts; Formation of the Verb Stems
974	bn-120-list-of-the-most-important-verbs-with,bn-117-formation-of-the-verb-stems	Primitive Verbs: Perfect Stem in -u- — (3.) The following verbs in -ere have the perfect s	List of the Most Important Verbs, with Principal Parts; Formation of the Verb Stems
975	bn-120-list-of-the-most-important-verbs-with,bn-117-formation-of-the-verb-stems	Primitive Verbs: Perfect Stem in -u- — (3.) The following verbs in -ere have the perfect s	List of the Most Important Verbs, with Principal Parts; Formation of the Verb Stems
976	bn-120-list-of-the-most-important-verbs-with,bn-117-formation-of-the-verb-stems	Primitive Verbs: Perfect Stem in -u- — (3.) The following verbs in -ere have the perfect s	List of the Most Important Verbs, with Principal Parts; Formation of the Verb Stems
977	bn-112-deponent-verbs,bn-120-list-of-the-most-important-verbs-with	Deponents in -ī — (1.) The following deponents in -ī have the perfect participle in -tus, 	Deponent Verbs; List of the Most Important Verbs, with Principal Parts
978	bn-112-deponent-verbs,bn-120-list-of-the-most-important-verbs-with	Deponents in -ī — (1.) The following deponents in -ī have the perfect participle in -tus, 	Deponent Verbs; List of the Most Important Verbs, with Principal Parts
979	bn-112-deponent-verbs,bn-120-list-of-the-most-important-verbs-with	Deponents in -ī — (1.) The following deponents in -ī have the perfect participle in -tus, 	Deponent Verbs; List of the Most Important Verbs, with Principal Parts
980	bn-112-deponent-verbs,bn-120-list-of-the-most-important-verbs-with	Deponents in -ī — (1.) The following deponents in -ī have the perfect participle in -tus, 	Deponent Verbs; List of the Most Important Verbs, with Principal Parts
981	bn-112-deponent-verbs,bn-120-list-of-the-most-important-verbs-with	Deponents in -ī — (1.) The following deponents in -ī have the perfect participle in -tus, 	Deponent Verbs; List of the Most Important Verbs, with Principal Parts
982	bn-112-deponent-verbs,bn-120-list-of-the-most-important-verbs-with	Deponents in -ī — (1.) The following deponents in -ī have the perfect participle in -tus, 	Deponent Verbs; List of the Most Important Verbs, with Principal Parts
983	bn-112-deponent-verbs,bn-120-list-of-the-most-important-verbs-with	Deponents in -ī — (1.) The following deponents in -ī have the perfect participle in -tus, 	Deponent Verbs; List of the Most Important Verbs, with Principal Parts
984	bn-112-deponent-verbs,bn-120-list-of-the-most-important-verbs-with	Deponents in -ī — (1.) The following deponents in -ī have the perfect participle in -tus, 	Deponent Verbs; List of the Most Important Verbs, with Principal Parts
985	bn-112-deponent-verbs,bn-120-list-of-the-most-important-verbs-with	Deponents in -ī — (1.) The following deponents in -ī have the perfect participle in -tus, 	Deponent Verbs; List of the Most Important Verbs, with Principal Parts
986	bn-112-deponent-verbs,bn-120-list-of-the-most-important-verbs-with	Deponents in -ī — (1.) The following deponents in -ī have the perfect participle in -tus, 	Deponent Verbs; List of the Most Important Verbs, with Principal Parts
987		Denominative Verbs — Most verbs in -āre, -ēre, and -īre (or in -ārī, -ērī, and -īrī), are 	
988		Denominative Verbs — Most verbs in -āre, -ēre, and -īre (or in -ārī, -ērī, and -īrī), are 	
989	bn-120-list-of-the-most-important-verbs-with,bn-117-formation-of-the-verb-stems	Denominative Verbs: Perfect Stem Without a Suffix — (1.) The following verb in -āre has a 	List of the Most Important Verbs, with Principal Parts; Formation of the Verb Stems
990	bn-120-list-of-the-most-important-verbs-with,bn-117-formation-of-the-verb-stems	Denominative Verbs: Perfect Stem Without a Suffix — (1.) The following verb in -āre has a 	List of the Most Important Verbs, with Principal Parts; Formation of the Verb Stems
991	bn-120-list-of-the-most-important-verbs-with,bn-117-formation-of-the-verb-stems	Denominative Verbs: Perfect Stem in -v- — (1 a.) Two verbs in -āre have the perfect stem i	List of the Most Important Verbs, with Principal Parts; Formation of the Verb Stems
992	bn-120-list-of-the-most-important-verbs-with,bn-117-formation-of-the-verb-stems	Denominative Verbs: Perfect Stem in -v- — (1 a.) Two verbs in -āre have the perfect stem i	List of the Most Important Verbs, with Principal Parts; Formation of the Verb Stems
993	bn-120-list-of-the-most-important-verbs-with,bn-117-formation-of-the-verb-stems	Denominative Verbs: Perfect Stem in -u- — (2.) The following verbs in -āre have the perfec	List of the Most Important Verbs, with Principal Parts; Formation of the Verb Stems
994	bn-112-deponent-verbs,bn-120-list-of-the-most-important-verbs-with	Deponents in -ārī — There are many deponents in -ārī, with the perfect participle in -ātus	Deponent Verbs; List of the Most Important Verbs, with Principal Parts
995	bn-120-list-of-the-most-important-verbs-with,bn-117-formation-of-the-verb-stems	List of Verbs Arranged According to the Principal Parts: Perfect Stem Without a Suffix — (	List of the Most Important Verbs, with Principal Parts; Formation of the Verb Stems
996	bn-120-list-of-the-most-important-verbs-with,bn-117-formation-of-the-verb-stems	List of Verbs Arranged According to the Principal Parts: Perfect Stem Without a Suffix — (	List of the Most Important Verbs, with Principal Parts; Formation of the Verb Stems
997	bn-120-list-of-the-most-important-verbs-with,bn-117-formation-of-the-verb-stems	List of Verbs Arranged According to the Principal Parts: Perfect Stem Without a Suffix — (	List of the Most Important Verbs, with Principal Parts; Formation of the Verb Stems
998	bn-120-list-of-the-most-important-verbs-with,bn-117-formation-of-the-verb-stems	List of Verbs Arranged According to the Principal Parts: Perfect Stem Without a Suffix — (	List of the Most Important Verbs, with Principal Parts; Formation of the Verb Stems
999	bn-117-formation-of-the-verb-stems,bn-120-list-of-the-most-important-verbs-with	Denominative Verbs: Perfect Stem in -s- — (1 a.) The following verbs in -ēre have the perf	Formation of the Verb Stems; List of the Most Important Verbs, with Principal Parts
1000	bn-117-formation-of-the-verb-stems,bn-120-list-of-the-most-important-verbs-with	Denominative Verbs: Perfect Stem in -s- — (1 a.) The following verbs in -ēre have the perf	Formation of the Verb Stems; List of the Most Important Verbs, with Principal Parts
1001	bn-117-formation-of-the-verb-stems,bn-120-list-of-the-most-important-verbs-with	List of Verbs Arranged According to the Principal Parts: Perfect Stem in -v- — (1 a.) The 	Formation of the Verb Stems; List of the Most Important Verbs, with Principal Parts
1002	bn-117-formation-of-the-verb-stems,bn-120-list-of-the-most-important-verbs-with	List of Verbs Arranged According to the Principal Parts: Perfect Stem in -v- — (1 a.) The 	Formation of the Verb Stems; List of the Most Important Verbs, with Principal Parts
1003	bn-117-formation-of-the-verb-stems,bn-120-list-of-the-most-important-verbs-with	List of Verbs Arranged According to the Principal Parts: Perfect Stem in -v- — (1 a.) The 	Formation of the Verb Stems; List of the Most Important Verbs, with Principal Parts
1004	bn-117-formation-of-the-verb-stems,bn-120-list-of-the-most-important-verbs-with	List of Verbs Arranged According to the Principal Parts: Perfect Stem in -u- — (2 a.) Most	Formation of the Verb Stems; List of the Most Important Verbs, with Principal Parts
1005	bn-117-formation-of-the-verb-stems,bn-120-list-of-the-most-important-verbs-with	List of Verbs Arranged According to the Principal Parts: Perfect Stem in -u- — (2 a.) Most	Formation of the Verb Stems; List of the Most Important Verbs, with Principal Parts
1006	bn-117-formation-of-the-verb-stems,bn-120-list-of-the-most-important-verbs-with	List of Verbs Arranged According to the Principal Parts: Perfect Stem in -u- — (2 a.) Most	Formation of the Verb Stems; List of the Most Important Verbs, with Principal Parts
1007	bn-117-formation-of-the-verb-stems,bn-120-list-of-the-most-important-verbs-with	List of Verbs Arranged According to the Principal Parts: Perfect Stem in -u- — (2 a.) Most	Formation of the Verb Stems; List of the Most Important Verbs, with Principal Parts
1008	bn-112-deponent-verbs	Deponents in -ērī — (1 a.) The following deponent in -ērī has the perfect participle in -t	Deponent Verbs
1009	bn-112-deponent-verbs	Deponents in -ērī — (1 a.) The following deponent in -ērī has the perfect participle in -t	Deponent Verbs
1010	bn-112-deponent-verbs	Deponents in -ērī — (1 a.) The following deponent in -ērī has the perfect participle in -t	Deponent Verbs
1011	bn-117-formation-of-the-verb-stems,bn-120-list-of-the-most-important-verbs-with	Inflection of the Verb: Perfect Stem Without a Suffix — (1 a.) The following verb in -īre 	Formation of the Verb Stems; List of the Most Important Verbs, with Principal Parts
1012	bn-117-formation-of-the-verb-stems,bn-120-list-of-the-most-important-verbs-with	Inflection of the Verb: Perfect Stem Without a Suffix — (1 a.) The following verb in -īre 	Formation of the Verb Stems; List of the Most Important Verbs, with Principal Parts
1013	bn-117-formation-of-the-verb-stems,bn-120-list-of-the-most-important-verbs-with	Inflection of the Verb: Perfect Stem Without a Suffix — (1 a.) The following verb in -īre 	Formation of the Verb Stems; List of the Most Important Verbs, with Principal Parts
1014	bn-117-formation-of-the-verb-stems,bn-120-list-of-the-most-important-verbs-with	List of Verbs Arranged According to the Principal Parts: Perfect Stem in -s- — (1.) The fo	Formation of the Verb Stems; List of the Most Important Verbs, with Principal Parts
1015	bn-117-formation-of-the-verb-stems,bn-120-list-of-the-most-important-verbs-with	List of Verbs Arranged According to the Principal Parts: Perfect Stem in -s- — (1.) The fo	Formation of the Verb Stems; List of the Most Important Verbs, with Principal Parts
1016	bn-117-formation-of-the-verb-stems,bn-120-list-of-the-most-important-verbs-with	Inflection of the Verb: Perfect Stem in -v- — (1 a.) The following verb in -īre has the pe	Formation of the Verb Stems; List of the Most Important Verbs, with Principal Parts
1017	bn-117-formation-of-the-verb-stems,bn-120-list-of-the-most-important-verbs-with	Inflection of the Verb: Perfect Stem in -v- — (1 a.) The following verb in -īre has the pe	Formation of the Verb Stems; List of the Most Important Verbs, with Principal Parts
1018	bn-117-formation-of-the-verb-stems,bn-120-list-of-the-most-important-verbs-with	Inflection of the Verb: Perfect Stem in -v- — (1 a.) The following verb in -īre has the pe	Formation of the Verb Stems; List of the Most Important Verbs, with Principal Parts
1019	bn-117-formation-of-the-verb-stems,bn-120-list-of-the-most-important-verbs-with	Inflection of the Verb: Perfect Stem in -u- — (2.) The following verbs in -īre have the pe	Formation of the Verb Stems; List of the Most Important Verbs, with Principal Parts
1020	bn-112-deponent-verbs	Deponents in -īrī — (1 a.) The following deponents in -īrī have the perfect participle in 	Deponent Verbs
1021	bn-112-deponent-verbs	Deponents in -īrī — (1 a.) The following deponents in -īrī have the perfect participle in 	Deponent Verbs
1022	bn-112-deponent-verbs	Deponents in -īrī — (1 a.) The following deponents in -īrī have the perfect participle in 	Deponent Verbs
1023	bn-163-subject-and-predicate,bn-164-simple-and-compound-sentences	The Simple Sentence and its Parts — A Sentence is a thought expressed by means of a verb. 	Subject and Predicate; Simple and Compound Sentences
1024	bn-163-subject-and-predicate,bn-164-simple-and-compound-sentences	The Simple Sentence and its Parts — A Sentence is a thought expressed by means of a verb. 	Subject and Predicate; Simple and Compound Sentences
1025	bn-163-subject-and-predicate,bn-164-simple-and-compound-sentences	The Simple Sentence and its Parts — A Sentence is a thought expressed by means of a verb. 	Subject and Predicate; Simple and Compound Sentences
1026	bn-166-subject	The Subject — The subject is a substantive, or any word or words having the value of a sub	Subject
1027	bn-166-subject	The Subject — The subject is a substantive, or any word or words having the value of a sub	Subject
1028	bn-166-subject	The Subject — The subject is a substantive, or any word or words having the value of a sub	Subject
1029	bn-166-subject	The Subject — The subject is a substantive, or any word or words having the value of a sub	Subject
1030	bn-166-subject	The Subject — The subject is a substantive, or any word or words having the value of a sub	Subject
1031	bn-166-subject	The Subject — The subject is a substantive, or any word or words having the value of a sub	Subject
1032	bn-166-subject	The Subject — The subject is a substantive, or any word or words having the value of a sub	Subject
1033	bn-166-subject	The Subject — The subject is a substantive, or any word or words having the value of a sub	Subject
1034	bn-166-subject	The Subject — The subject is a substantive, or any word or words having the value of a sub	Subject
1035	bn-167-predicate-nouns	The Predicate — The predicate is either a verb alone, or a verb of indeterminate meaning w	Predicate Nouns
1036	bn-167-predicate-nouns	The Predicate — The predicate is either a verb alone, or a verb of indeterminate meaning w	Predicate Nouns
1037	bn-169-appositives	Enlargement of the Simple Sentence — The parts of the simple sentence may be enlarged by a	Appositives
1038	bn-169-appositives	Enlargement of the Simple Sentence — The parts of the simple sentence may be enlarged by a	Appositives
1039	bn-169-appositives	Enlargement of the Simple Sentence — The parts of the simple sentence may be enlarged by a	Appositives
1040	bn-169-appositives	Enlargement of the Simple Sentence — The parts of the simple sentence may be enlarged by a	Appositives
1041	bn-169-appositives	Enlargement of the Simple Sentence — The parts of the simple sentence may be enlarged by a	Appositives
1042	bn-169-appositives	Enlargement of the Simple Sentence — The parts of the simple sentence may be enlarged by a	Appositives
1043	bn-169-appositives	Enlargement of the Simple Sentence — The parts of the simple sentence may be enlarged by a	Appositives
1044	bn-169-appositives	Enlargement of the Simple Sentence — The parts of the simple sentence may be enlarged by a	Appositives
1045	bn-169-appositives	Enlargement of the Simple Sentence — The parts of the simple sentence may be enlarged by a	Appositives
1046	bn-169-appositives	Enlargement of the Simple Sentence — The parts of the simple sentence may be enlarged by a	Appositives
1047	bn-169-appositives	Enlargement of the Simple Sentence — The parts of the simple sentence may be enlarged by a	Appositives
1048	bn-169-appositives	Enlargement of the Simple Sentence — The parts of the simple sentence may be enlarged by a	Appositives
1049	bn-169-appositives	Enlargement of the Simple Sentence — The parts of the simple sentence may be enlarged by a	Appositives
1050	bn-169-appositives	Enlargement of the Simple Sentence — The parts of the simple sentence may be enlarged by a	Appositives
1051	bn-169-appositives	Enlargement of the Simple Sentence — The parts of the simple sentence may be enlarged by a	Appositives
1052	bn-169-appositives	Enlargement of the Simple Sentence — The parts of the simple sentence may be enlarged by a	Appositives
1053	bn-169-appositives	Enlargement of the Simple Sentence — The parts of the simple sentence may be enlarged by a	Appositives
1054	bn-169-appositives	Enlargement of the Simple Sentence — The parts of the simple sentence may be enlarged by a	Appositives
1055	bn-164-simple-and-compound-sentences	Combination of Sentences — Simple sentences may be combined in two different ways. The add	Simple and Compound Sentences
1056	bn-164-simple-and-compound-sentences	The Compound Sentence — A Compound Sentence is one which consists of two or more coordinat	Simple and Compound Sentences
1057	bn-164-simple-and-compound-sentences	The Compound Sentence — A Compound Sentence is one which consists of two or more coordinat	Simple and Compound Sentences
1058	bn-164-simple-and-compound-sentences	The Complex Sentence — A Complex Sentence is one which consists of a main and a subordinat	Simple and Compound Sentences
1059	bn-164-simple-and-compound-sentences	The Complex Sentence — A Complex Sentence is one which consists of a main and a subordinat	Simple and Compound Sentences
1060	bn-164-simple-and-compound-sentences	The Complex Sentence — A Complex Sentence is one which consists of a main and a subordinat	Simple and Compound Sentences
1061	bn-164-simple-and-compound-sentences	The Complex Sentence — A Complex Sentence is one which consists of a main and a subordinat	Simple and Compound Sentences
1062	bn-254-agreement	Agreement: Of the Verb — A verb agrees with its subject in number and person: as, praedia 	Agreement
1064	bn-254-agreement	Agreement: Of the Verb — A verb agrees with its subject in number and person: as, praedia 	Agreement
1065	bn-254-agreement	Agreement: Of the Verb — A verb agrees with its subject in number and person: as, praedia 	Agreement
1066	bn-254-agreement	Agreement: Of the Verb — A verb agrees with its subject in number and person: as, praedia 	Agreement
1067	bn-254-agreement	Agreement: Of the Verb — A verb agrees with its subject in number and person: as, praedia 	Agreement
1068	bn-254-agreement	Agreement: Of the Verb — A verb agrees with its subject in number and person: as, praedia 	Agreement
1069	bn-254-agreement	Agreement: Of the Verb — A verb agrees with its subject in number and person: as, praedia 	Agreement
1070	bn-254-agreement	Agreement: Of the Verb — A verb agrees with its subject in number and person: as, praedia 	Agreement
1071	bn-254-agreement	Agreement: Of the Verb — A verb agrees with its subject in number and person: as, praedia 	Agreement
1072	bn-254-agreement	Agreement: Of the Verb — A verb agrees with its subject in number and person: as, praedia 	Agreement
1073	bn-254-agreement	Agreement: Of the Verb — A verb agrees with its subject in number and person: as, praedia 	Agreement
1076	bn-254-agreement	Agreement: Of the Verb — A verb agrees with its subject in number and person: as, praedia 	Agreement
1077	bn-169-appositives,bn-167-predicate-nouns	The Substantive — A substantive which explains another substantive referring to the same t	Appositives; Predicate Nouns
1078	bn-167-predicate-nouns,bn-169-appositives	The Substantive — A substantive which explains another substantive referring to the same t	Predicate Nouns; Appositives
1079	bn-169-appositives	The Substantive — A substantive which explains another substantive referring to the same t	Appositives
1080	bn-169-appositives	The Substantive — A substantive which explains another substantive referring to the same t	Appositives
1081	bn-169-appositives	The Substantive — A substantive which explains another substantive referring to the same t	Appositives
1082	bn-234-agreement-of-adjectives	Agreement: The Adjective — An adjective, adjective pronoun, or participle, agrees with its	Agreement of Adjectives
1084	bn-234-agreement-of-adjectives	Agreement: The Adjective — An adjective, adjective pronoun, or participle, agrees with its	Agreement of Adjectives
1085	bn-234-agreement-of-adjectives	Agreement: The Adjective — An adjective, adjective pronoun, or participle, agrees with its	Agreement of Adjectives
1086	bn-234-agreement-of-adjectives	Agreement: The Adjective — An adjective, adjective pronoun, or participle, agrees with its	Agreement of Adjectives
1088	bn-234-agreement-of-adjectives	Agreement: The Adjective — An adjective, adjective pronoun, or participle, agrees with its	Agreement of Adjectives
1089	bn-234-agreement-of-adjectives	Agreement: The Adjective — An adjective, adjective pronoun, or participle, agrees with its	Agreement of Adjectives
1090	bn-234-agreement-of-adjectives	Agreement: The Adjective — An adjective, adjective pronoun, or participle, agrees with its	Agreement of Adjectives
1091	bn-234-agreement-of-adjectives	Agreement: The Adjective — An adjective, adjective pronoun, or participle, agrees with its	Agreement of Adjectives
1093	bn-236-adjectives-used-substantively	Agreement: The Adjective — An adjective, adjective pronoun, or participle, agrees with its	Adjectives Used Substantively
1094	bn-250-syntax-of-relative-pronouns,bn-246-syntax-of-demonstrative-pronouns	Agreement: The Adjective — An adjective, adjective pronoun, or participle, agrees with its	Syntax of relative pronouns; Syntax of demonstrative pronouns
1095	bn-250-syntax-of-relative-pronouns,bn-246-syntax-of-demonstrative-pronouns	Agreement: The Adjective — An adjective, adjective pronoun, or participle, agrees with its	Syntax of relative pronouns; Syntax of demonstrative pronouns
1097	bn-246-syntax-of-demonstrative-pronouns,bn-250-syntax-of-relative-pronouns	Agreement: The Adjective — An adjective, adjective pronoun, or participle, agrees with its	Syntax of demonstrative pronouns; Syntax of relative pronouns
1098	bn-246-syntax-of-demonstrative-pronouns	Agreement: The Adjective — An adjective, adjective pronoun, or participle, agrees with its	Syntax of demonstrative pronouns
1105	bn-353-style-nouns	Number and Gender — The singular of a word denoting a person is sometimes used in a collec	Style: nouns
1109	bn-353-style-nouns	Number and Gender — The singular of a word denoting a person is sometimes used in a collec	Style: nouns
1111	bn-017-cases	Use of the Noun: Case — There are two groups of cases, the principal and the secondary. Th	Cases
1112	bn-017-cases	Use of the Noun: Case — There are two groups of cases, the principal and the secondary. Th	Cases
1113	bn-166-subject,bn-167-predicate-nouns	The Nominative — The nominative is principally used as the subject or predicate noun of a 	Subject; Predicate Nouns
1116		The Nominative of Title — The nominative is used in inscriptions, notices, titles, or head	
1117		The Nominative of Exclamation — The nominative is sometimes used in exclamations: as, fort	
1118	bn-171-the-vocative	The Vocative Nominative and Vocative Proper — The vocative nominative is used when a perso	The Vocative
1119	bn-171-the-vocative	The Vocative Nominative and Vocative Proper — The vocative nominative is used when a perso	The Vocative
1124	bn-172-the-accusative	The Accusative — The accusative is used primarily with verbs, or with expressions equivale	The Accusative
1125	bn-172-the-accusative	The Accusative — The accusative is used primarily with verbs, or with expressions equivale	The Accusative
1126	bn-172-the-accusative	The Accusative — The accusative is used primarily with verbs, or with expressions equivale	The Accusative
1127	bn-172-the-accusative	The Accusative — The accusative is used primarily with verbs, or with expressions equivale	The Accusative
1128	bn-172-the-accusative	The Accusative — The accusative is used primarily with verbs, or with expressions equivale	The Accusative
1129	bn-172-the-accusative	The Accusative — The accusative is used primarily with verbs, or with expressions equivale	The Accusative
1130	bn-172-the-accusative	The Accusative — The accusative is used primarily with verbs, or with expressions equivale	The Accusative
1131	bn-172-the-accusative	The Accusative — The accusative is used primarily with verbs, or with expressions equivale	The Accusative
1132	bn-172-the-accusative	The Accusative of the Object — The object of a verb is put in the accusative: as, (a.) opp	The Accusative
1133	bn-172-the-accusative	The Accusative of the Object — The object of a verb is put in the accusative: as, (a.) opp	The Accusative
1137	bn-172-the-accusative	The Accusative of the Object — The object of a verb is put in the accusative: as, (a.) opp	The Accusative
1138	bn-172-the-accusative	The Accusative of the Object — The object of a verb is put in the accusative: as, (a.) opp	The Accusative
1139	bn-172-the-accusative	The Accusative of the Object — The object of a verb is put in the accusative: as, (a.) opp	The Accusative
1140	bn-172-the-accusative	The Emphasizing Or Defining Accusative — The meaning of a verb, even of one ordinarily int	The Accusative
1145	bn-172-the-accusative	The Emphasizing Or Defining Accusative — The meaning of a verb, even of one ordinarily int	The Accusative
1146	bn-172-the-accusative	The Emphasizing Or Defining Accusative — The meaning of a verb, even of one ordinarily int	The Accusative
1147	bn-172-the-accusative	The Accusative of the Part Concerned — Poets use the accusative to express the part concer	The Accusative
1148	bn-172-the-accusative	The Accusative of the Thing put on — The accusative is used with reflexive verbs in poetry	The Accusative
1149	bn-172-the-accusative	The Accusative of Exclamation — The accusative is used in exclamations, sometimes merely t	The Accusative
1150	bn-172-the-accusative	The Accusative of Exclamation — The accusative is used in exclamations, sometimes merely t	The Accusative
1151	bn-172-the-accusative	The Accusative of Space and Time — Extent of space or duration of time is denoted by the a	The Accusative
1152	bn-172-the-accusative	The Accusative of Space and Time — Extent of space or duration of time is denoted by the a	The Accusative
1153	bn-218-instrumental-uses-of-the-ablative	The Accusative of Space and Time — Extent of space or duration of time is denoted by the a	Instrumental Uses of the Ablative
1155	bn-172-the-accusative	The Accusative of Space and Time — Extent of space or duration of time is denoted by the a	The Accusative
1159	bn-172-the-accusative	The Accusative of the Aim of Motion — (1.) Proper names of towns and of little islands or 	The Accusative
1160	bn-172-the-accusative	The Accusative of the Aim of Motion — (1.) Proper names of towns and of little islands or 	The Accusative
1164	bn-172-the-accusative	The Accusative of the Aim of Motion — (1.) Proper names of towns and of little islands or 	The Accusative
1167	bn-172-the-accusative	Object and Predicate — Many verbs may take two accusatives, an object and a predicate. Suc	The Accusative
1169	bn-172-the-accusative	Person and Thing — (1.) Some verbs of teaching and hiding, demanding and questioning, may 	The Accusative
1171	bn-172-the-accusative	Person and Thing — (1.) Some verbs of teaching and hiding, demanding and questioning, may 	The Accusative
1172	bn-172-the-accusative	Person and Thing — (1.) Some verbs of teaching and hiding, demanding and questioning, may 	The Accusative
1174	bn-172-the-accusative	Object and Extent, Duration, or Aim — The accusative of extent or duration, or of aim of m	The Accusative
1175	bn-186-the-dative	The Dative — The dative denotes that for or to which a thing is or is done, and either acc	The Dative
1176	bn-186-the-dative	The Dative — The dative denotes that for or to which a thing is or is done, and either acc	The Dative
1177	bn-186-the-dative	The Dative — The dative denotes that for or to which a thing is or is done, and either acc	The Dative
1178	bn-186-the-dative	The Dative — The dative denotes that for or to which a thing is or is done, and either acc	The Dative
1179	bn-186-the-dative	The Dative — The dative denotes that for or to which a thing is or is done, and either acc	The Dative
1180	bn-186-the-dative	The Dative — The dative denotes that for or to which a thing is or is done, and either acc	The Dative
1181	bn-186-the-dative	The Complementary Dative: With Verbs of Intransitive Use — (1.) Many verbs of intransitive	The Dative
1187	bn-186-the-dative	The Complementary Dative: With Verbs of Intransitive Use — (1.) Many verbs of intransitive	The Dative
1188	bn-186-the-dative	The Complementary Dative: With Verbs of Intransitive Use — (1.) Many verbs of intransitive	The Dative
1192	bn-186-the-dative	The Complementary Dative: With Verbs of Transitive Use — (1.) Many verbs of transitive use	The Dative
1194	bn-186-the-dative	The Complementary Dative: With Verbs of Transitive Use — (1.) Many verbs of transitive use	The Dative
1196	bn-186-the-dative	The Complementary Dative: With Verbs of Transitive Use — (1.) Many verbs of transitive use	The Dative
1197	bn-186-the-dative	The Complementary Dative: With Verbs of Transitive Use — (1.) Many verbs of transitive use	The Dative
1198	bn-172-the-accusative	The Complementary Dative: With Verbs of Transitive Use — (1.) Many verbs of transitive use	The Accusative
1199	bn-186-the-dative	The Complementary Dative: With Verbs of Transitive Use — (1.) Many verbs of transitive use	The Dative
1200	bn-186-the-dative	The Dative with Adjectives — The dative with many adjectives and some adverbs denotes that	The Dative
1205	bn-186-the-dative	The Optional Complement — The dative of a person or thing interested, benefited, harmed, m	The Dative
1207	bn-186-the-dative	The Optional Complement — The dative of a person or thing interested, benefited, harmed, m	The Dative
1211	bn-186-the-dative	The Emotional Dative — The dative of the personal pronoun is often used with expressions o	The Dative
1212	bn-186-the-dative	The Dative of the Possessor — The dative is used with forms of sum to denote the possessor	The Dative
1214	bn-186-the-dative	The Dative of the Possessor — The dative is used with forms of sum to denote the possessor	The Dative
1217	bn-186-the-dative	The Dative of Relation — The dative may denote the person viewing or judging: as, eris mih	The Dative
1218	bn-186-the-dative	The Dative of Relation — The dative may denote the person viewing or judging: as, eris mih	The Dative
1219	bn-186-the-dative	The Dative of Tendency or Result — (1.) Certain datives are used with a form of sum to den	The Dative
1221	bn-186-the-dative	The Dative of Tendency or Result — (1.) Certain datives are used with a form of sum to den	The Dative
1222	bn-186-the-dative	The Dative of Tendency or Result — (1.) Certain datives are used with a form of sum to den	The Dative
1223	bn-186-the-dative	The Dative of Purpose or Intention — A few datives are used to denote what a thing is inte	The Dative
1224	bn-186-the-dative	The Dative of Purpose or Intention — A few datives are used to denote what a thing is inte	The Dative
1225	bn-186-the-dative	The Dative of Purpose or Intention — A few datives are used to denote what a thing is inte	The Dative
1226	bn-195-genitive-with-nouns,bn-205-genitive-with-verbs	The Genitive — The genitive is principally used with nouns, less frequently with verbs. So	Genitive with Nouns; Genitive with Verbs
1228	bn-195-genitive-with-nouns	The Genitive with Substantives — A substantive is often limited by another substantive in 	Genitive with Nouns
1229	bn-195-genitive-with-nouns	The Genitive with Substantives — A substantive is often limited by another substantive in 	Genitive with Nouns
1233	bn-195-genitive-with-nouns,bn-354-style-adjectives	The Genitive of the Subject, Cause, Origin, or Owner — (1.) The genitive is used to denote	Genitive with Nouns; Style: adjectives
1234	bn-243-syntax-of-possessive-pronouns	The Genitive of the Subject, Cause, Origin, or Owner — (1.) The genitive is used to denote	Syntax of possessive pronouns
1235	bn-243-syntax-of-possessive-pronouns	The Genitive of the Subject, Cause, Origin, or Owner — (1.) The genitive is used to denote	Syntax of possessive pronouns
1236	bn-195-genitive-with-nouns	The Genitive of the Subject, Cause, Origin, or Owner — (1.) The genitive is used to denote	Genitive with Nouns
1237	bn-195-genitive-with-nouns	The Genitive of the Subject, Cause, Origin, or Owner — (1.) The genitive is used to denote	Genitive with Nouns
1238	bn-195-genitive-with-nouns	The Genitive of the Subject, Cause, Origin, or Owner — (1.) The genitive is used to denote	Genitive with Nouns
1239	bn-195-genitive-with-nouns	The Genitive of Quality — (2.) The genitive with an adjective in agreement is used to deno	Genitive with Nouns
1242	bn-195-genitive-with-nouns	The Partitive Genitive — (3.) The partitive genitive denotes a whole of which the limited 	Genitive with Nouns
1249	bn-241-other-peculiarities	The Partitive Genitive — (3.) The partitive genitive denotes a whole of which the limited 	Other Peculiarities
1250	bn-195-genitive-with-nouns	The Partitive Genitive — (3.) The partitive genitive denotes a whole of which the limited 	Genitive with Nouns
1251	bn-195-genitive-with-nouns	The Partitive Genitive — (3.) The partitive genitive denotes a whole of which the limited 	Genitive with Nouns
1255	bn-195-genitive-with-nouns	The Genitive of Definition — (4.) The genitive is used to define that of which a thing con	Genitive with Nouns
1256	bn-195-genitive-with-nouns	The Genitive of Definition — (4.) The genitive is used to define that of which a thing con	Genitive with Nouns
1257	bn-195-genitive-with-nouns	The Genitive of Definition — (4.) The genitive is used to define that of which a thing con	Genitive with Nouns
1259	bn-195-genitive-with-nouns	The Genitive of Definition — (4.) The genitive is used to define that of which a thing con	Genitive with Nouns
1260	bn-195-genitive-with-nouns	The Objective Genitive — (5.) The objective genitive denotes the object of the action expr	Genitive with Nouns
1261	bn-195-genitive-with-nouns	The Objective Genitive — (5.) The objective genitive denotes the object of the action expr	Genitive with Nouns
1262	bn-195-genitive-with-nouns	The Objective Genitive — (5.) The objective genitive denotes the object of the action expr	Genitive with Nouns
1263	bn-204-genitive-with-adjectives	The Genitive with Adjectives — (1.) The genitive is used with many adjectives to denote th	Genitive with Adjectives
1265	bn-204-genitive-with-adjectives	The Genitive with Adjectives — (1.) The genitive is used with many adjectives to denote th	Genitive with Adjectives
1266	bn-204-genitive-with-adjectives	The Genitive with Adjectives — (1.) The genitive is used with many adjectives to denote th	Genitive with Adjectives
1271	bn-195-genitive-with-nouns	Verbs Of Valuing — A few neuter adjectives of quantity are put in the genitive with verbs 	Genitive with Nouns
1273	bn-218-instrumental-uses-of-the-ablative	Verbs Of Valuing — A few neuter adjectives of quantity are put in the genitive with verbs 	Instrumental Uses of the Ablative
1277	bn-205-genitive-with-verbs	The Verbs rēfert and interest — rēfert and interest, it concerns, are much alike in meanin	Genitive with Verbs
1278	bn-205-genitive-with-verbs	The Verbs rēfert and interest — rēfert and interest, it concerns, are much alike in meanin	Genitive with Verbs
1279	bn-205-genitive-with-verbs	The Verbs rēfert and interest — rēfert and interest, it concerns, are much alike in meanin	Genitive with Verbs
1280	bn-205-genitive-with-verbs	Judicial Verbs — Verbs of accusing, convicting, condemning, and acquitting, take a genitiv	Genitive with Verbs
1286	bn-205-genitive-with-verbs	Impersonal Verbs of Mental Distress — A genitive of the thing, commonly with an accusative	Genitive with Verbs
1287	bn-205-genitive-with-verbs	Verbs of Memory — The genitive is used with verbs of remembering and forgetting when they 	Genitive with Verbs
1288	bn-205-genitive-with-verbs	Verbs of Memory — The genitive is used with verbs of remembering and forgetting when they 	Genitive with Verbs
1291	bn-205-genitive-with-verbs	Verbs of Memory — The genitive is used with verbs of remembering and forgetting when they 	Genitive with Verbs
1292	bn-205-genitive-with-verbs	Verbs of Participation and Mastery — Verbs of participation and mastery sometimes take the	Genitive with Verbs
1293	bn-205-genitive-with-verbs	Verbs of Fulness and Want — The genitive is sometimes used with verbs of filling, aboundin	Genitive with Verbs
1295		The Genitive of Exclamation — In poetry, the genitive with an adjective in agreement occur	
1296	bn-213-the-ablative	The Ablative — The ablative is used principally with verbs and their participles, or with 	The Ablative
1297	bn-213-the-ablative	The Ablative — The ablative is used principally with verbs and their participles, or with 	The Ablative
1298	bn-213-the-ablative	The Ablative — The ablative is used principally with verbs and their participles, or with 	The Ablative
1299	bn-213-the-ablative	The Ablative — The ablative is used principally with verbs and their participles, or with 	The Ablative
1300	bn-213-the-ablative	The Ablative — The ablative is used principally with verbs and their participles, or with 	The Ablative
1301	bn-213-the-ablative	The Ablative — The ablative is used principally with verbs and their participles, or with 	The Ablative
1302	bn-214-genuine-ablative-uses	The Ablative of Separation and Want, and of Departure — Verbs of separation take an ablati	Genuine Ablative Uses
1306	bn-214-genuine-ablative-uses	The Ablative of Separation and Want, and of Departure — Verbs of separation take an ablati	Genuine Ablative Uses
1307	bn-228-locative-uses-of-the-ablative	Town and Island Names — (1.) Proper names of towns and of little islands are put in the ab	Locative Uses of the Ablative
1308	bn-228-locative-uses-of-the-ablative	Town and Island Names — (1.) Proper names of towns and of little islands are put in the ab	Locative Uses of the Ablative
1310	bn-228-locative-uses-of-the-ablative	Town and Island Names — (1.) Proper names of towns and of little islands are put in the ab	Locative Uses of the Ablative
1314	bn-214-genuine-ablative-uses	The Ablative of Source, Stuff, or Material — The verb nāscor and participles of origin tak	Genuine Ablative Uses
1315	bn-218-instrumental-uses-of-the-ablative	The Ablative of Source, Stuff, or Material — The verb nāscor and participles of origin tak	Instrumental Uses of the Ablative
1316	bn-218-instrumental-uses-of-the-ablative	The Ablative of Cause, Influence, or Motive — The ablative is used to denote cause, influe	Instrumental Uses of the Ablative
1317	bn-218-instrumental-uses-of-the-ablative	The Ablative of Cause, Influence, or Motive — The ablative is used to denote cause, influe	Instrumental Uses of the Ablative
1318	bn-214-genuine-ablative-uses	The Ablative of Cause, Influence, or Motive — The ablative is used to denote cause, influe	Genuine Ablative Uses
1320	bn-214-genuine-ablative-uses	The Ablative of Comparison — (1.) The ablative may be used with a comparative adjective, w	Genuine Ablative Uses
1324	bn-214-genuine-ablative-uses	The Ablative of Comparison — (1.) The ablative may be used with a comparative adjective, w	Genuine Ablative Uses
1326	bn-214-genuine-ablative-uses	The Ablative of Comparison — (1.) The ablative may be used with a comparative adjective, w	Genuine Ablative Uses
1328	bn-214-genuine-ablative-uses	The Ablative of Comparison — (1.) The ablative may be used with a comparative adjective, w	Genuine Ablative Uses
1329	bn-214-genuine-ablative-uses	The Ablative of Comparison — (1.) The ablative may be used with a comparative adjective, w	Genuine Ablative Uses
1330	bn-214-genuine-ablative-uses	The Ablative of Comparison — (1.) The ablative may be used with a comparative adjective, w	Genuine Ablative Uses
1333	bn-169-appositives,bn-232-the-locative	The Locative Proper — (1.) Singular proper names of towns and of little islands are put in	Appositives; The Locative
1335	bn-228-locative-uses-of-the-ablative,bn-232-the-locative	The Locative Proper — (1.) Singular proper names of towns and of little islands are put in	Locative Uses of the Ablative; The Locative
1337	bn-232-the-locative	The Locative Proper — (1.) Singular proper names of towns and of little islands are put in	The Locative
1342	bn-232-the-locative,bn-228-locative-uses-of-the-ablative	Place in, on, or at which — (1.) Plural proper names of towns and of little islands are pu	The Locative; Locative Uses of the Ablative
1343	bn-232-the-locative,bn-228-locative-uses-of-the-ablative	Place in, on, or at which — (1.) Plural proper names of towns and of little islands are pu	The Locative; Locative Uses of the Ablative
1345	bn-228-locative-uses-of-the-ablative	Place in, on, or at which — (1.) Plural proper names of towns and of little islands are pu	Locative Uses of the Ablative
1348	bn-228-locative-uses-of-the-ablative	Place in, on, or at which — (1.) Plural proper names of towns and of little islands are pu	Locative Uses of the Ablative
1349	bn-218-instrumental-uses-of-the-ablative	Place in, on, or at which — (1.) Plural proper names of towns and of little islands are pu	Instrumental Uses of the Ablative
1351	bn-228-locative-uses-of-the-ablative	Time at which or Time within which — (1.) The locative ablative is used to denote the poin	Locative Uses of the Ablative
1352	bn-228-locative-uses-of-the-ablative	Time at which or Time within which — (1.) The locative ablative is used to denote the poin	Locative Uses of the Ablative
1354	bn-228-locative-uses-of-the-ablative	Time at which or Time within which — (1.) The locative ablative is used to denote the poin	Locative Uses of the Ablative
1355	bn-228-locative-uses-of-the-ablative	Time at which or Time within which — (1.) The locative ablative is used to denote the poin	Locative Uses of the Ablative
1356	bn-218-instrumental-uses-of-the-ablative	The Ablative of Accompaniment — A few indefinite designations of military forces denote ac	Instrumental Uses of the Ablative
1358	bn-218-instrumental-uses-of-the-ablative	The Ablative of Manner — (1.) Certain substantives without an attribute are put in the abl	Instrumental Uses of the Ablative
1359	bn-218-instrumental-uses-of-the-ablative	The Ablative of Manner — (1.) Certain substantives without an attribute are put in the abl	Instrumental Uses of the Ablative
1362	bn-218-instrumental-uses-of-the-ablative	The Ablative Absolute — (1.) The ablative of a substantive, with a predicate participle in	Instrumental Uses of the Ablative
1365	bn-218-instrumental-uses-of-the-ablative	The Ablative Absolute — (1.) The ablative of a substantive, with a predicate participle in	Instrumental Uses of the Ablative
1366	bn-218-instrumental-uses-of-the-ablative	The Ablative Absolute — (1.) The ablative of a substantive, with a predicate participle in	Instrumental Uses of the Ablative
1367	bn-218-instrumental-uses-of-the-ablative	The Ablative Absolute — (1.) The ablative of a substantive, with a predicate participle in	Instrumental Uses of the Ablative
1369	bn-218-instrumental-uses-of-the-ablative	The Ablative Absolute — (1.) The ablative of a substantive, with a predicate participle in	Instrumental Uses of the Ablative
1370	bn-218-instrumental-uses-of-the-ablative	The Ablative Absolute — (1.) The ablative of a substantive, with a predicate participle in	Instrumental Uses of the Ablative
1371	bn-218-instrumental-uses-of-the-ablative	The Ablative Absolute — (1.) The ablative of a substantive, with a predicate participle in	Instrumental Uses of the Ablative
1374	bn-218-instrumental-uses-of-the-ablative	The Ablative Absolute — (1.) The ablative of a substantive, with a predicate participle in	Instrumental Uses of the Ablative
1375	bn-218-instrumental-uses-of-the-ablative	The Ablative of Quality — The ablative with an adjective in agreement or with a limiting g	Instrumental Uses of the Ablative
1376	bn-218-instrumental-uses-of-the-ablative	The Ablative of the Route taken — The instrumental ablative is used with verbs of motion t	Instrumental Uses of the Ablative
1377	bn-218-instrumental-uses-of-the-ablative	The Ablative of Instrument or Means — The ablative is used to denote the instrument or mea	Instrumental Uses of the Ablative
1378	bn-218-instrumental-uses-of-the-ablative	The Ablative of Instrument or Means — The ablative is used to denote the instrument or mea	Instrumental Uses of the Ablative
1379	bn-218-instrumental-uses-of-the-ablative	The Ablative of Instrument or Means — The ablative is used to denote the instrument or mea	Instrumental Uses of the Ablative
1383	bn-218-instrumental-uses-of-the-ablative	The Ablative of Instrument or Means — The ablative is used to denote the instrument or mea	Instrumental Uses of the Ablative
1385	bn-218-instrumental-uses-of-the-ablative	The Ablative of Specification — The instrumental ablative is used to denote that in respec	Instrumental Uses of the Ablative
1386	bn-218-instrumental-uses-of-the-ablative	The Ablative of Fulness — The instrumental ablative is used with verbs of abounding, filli	Instrumental Uses of the Ablative
1387	bn-218-instrumental-uses-of-the-ablative	The Ablative of Fulness — The instrumental ablative is used with verbs of abounding, filli	Instrumental Uses of the Ablative
1388	bn-218-instrumental-uses-of-the-ablative	The Ablative of Measure, Exchange, and Price — The instrumental ablative is used with verb	Instrumental Uses of the Ablative
1392	bn-218-instrumental-uses-of-the-ablative	The Ablative of Measure, Exchange, and Price — The instrumental ablative is used with verb	Instrumental Uses of the Ablative
1393	bn-218-instrumental-uses-of-the-ablative	The Ablative of the Amount of Difference — The instrumental ablative is used to denote the	Instrumental Uses of the Ablative
1395	bn-141-prepositions	The Ablative of the Amount of Difference — The instrumental ablative is used to denote the	Prepositions
1396	bn-359-peculiarities-in-the-use-of-the-genitive	The Ablative of the Amount of Difference — The instrumental ablative is used to denote the	Peculiarities in the Use of the Genitive
1397	bn-282-moods-in-dependent-clauses	The Ablative of the Amount of Difference — The instrumental ablative is used to denote the	Moods in Dependent Clauses
1398	bn-172-the-accusative	The Ablative of the Amount of Difference — The instrumental ablative is used to denote the	The Accusative
1399	bn-218-instrumental-uses-of-the-ablative	The Ablative of the Amount of Difference — The instrumental ablative is used to denote the	Instrumental Uses of the Ablative
1400		Two or More Ablatives Combined — Two or more ablatives denoting different relations are of	
1408	bn-141-prepositions	Use of Cases with Prepositions — Two cases, the accusative and the ablative, are used with	Prepositions
1410	bn-141-prepositions	Prepositions used with the Accusative — The accusative is accompanied by the following pre	Prepositions
1411	bn-141-prepositions	Prepositions used with the Accusative — The accusative is accompanied by the following pre	Prepositions
1412	bn-141-prepositions	Prepositions used with the Accusative — The accusative is accompanied by the following pre	Prepositions
1413	bn-141-prepositions	Prepositions used with the Accusative — The accusative is accompanied by the following pre	Prepositions
1414	bn-141-prepositions	Prepositions used with the Accusative — The accusative is accompanied by the following pre	Prepositions
1415	bn-141-prepositions	Prepositions used with the Accusative — The accusative is accompanied by the following pre	Prepositions
1416	bn-141-prepositions	Prepositions used with the Accusative — The accusative is accompanied by the following pre	Prepositions
1417	bn-141-prepositions	Prepositions used with the Ablative — The ablative is accompanied by the following preposi	Prepositions
1418	bn-141-prepositions	Prepositions used with the Ablative — The ablative is accompanied by the following preposi	Prepositions
1419	bn-141-prepositions	Prepositions used with the Ablative — The ablative is accompanied by the following preposi	Prepositions
1420	bn-141-prepositions	Prepositions used with the Ablative — The ablative is accompanied by the following preposi	Prepositions
1421	bn-141-prepositions	Prepositions used with the Ablative — The ablative is accompanied by the following preposi	Prepositions
1423	bn-141-prepositions	Prepositions used with the Accusative or the Ablative — Two cases, the accusative and the 	Prepositions
1424	bn-141-prepositions	Prepositions used with the Accusative or the Ablative — Two cases, the accusative and the 	Prepositions
1425	bn-141-prepositions	Prepositions used with the Accusative or the Ablative — Two cases, the accusative and the 	Prepositions
1426	bn-141-prepositions	Combination of Substantives by a Preposition — (1.) Two substantives are sometimes connect	Prepositions
1427	bn-353-style-nouns	Combination of Substantives by a Preposition — (1.) Two substantives are sometimes connect	Style: nouns
1428	bn-141-prepositions	Combination of Substantives by a Preposition — (1.) Two substantives are sometimes connect	Prepositions
1429	bn-141-prepositions	Repetition or Omission of a Preposition with several Substantives — (1.) A preposition is 	Prepositions
1430	bn-141-prepositions	Repetition or Omission of a Preposition with several Substantives — (1.) A preposition is 	Prepositions
1431	bn-141-prepositions	Two Prepositions with one Substantive — (1.) When two prepositions belong to one and the s	Prepositions
1432	bn-141-prepositions	Two Prepositions with one Substantive — (1.) When two prepositions belong to one and the s	Prepositions
1433	bn-141-prepositions	Position of Prepositions — In general a preposition precedes its case: see 178. Disyllabic	Prepositions
1434	bn-141-prepositions	Position of Prepositions — In general a preposition precedes its case: see 178. Disyllabic	Prepositions
1435	bn-141-prepositions	Position of Prepositions — In general a preposition precedes its case: see 178. Disyllabic	Prepositions
1436	bn-141-prepositions	Position of Prepositions — In general a preposition precedes its case: see 178. Disyllabic	Prepositions
1437	bn-141-prepositions	Position of Prepositions — In general a preposition precedes its case: see 178. Disyllabic	Prepositions
1438	bn-347-syntax-of-adverbs	Use of Adverbs — Adverbs qualify verbs, adjectives, or adverbs. (a.) With verbs, all sorts	Syntax of adverbs
1439	bn-347-syntax-of-adverbs	Use of Adverbs — Adverbs qualify verbs, adjectives, or adverbs. (a.) With verbs, all sorts	Syntax of adverbs
1440	bn-347-syntax-of-adverbs	Use of Adverbs — Adverbs qualify verbs, adjectives, or adverbs. (a.) With verbs, all sorts	Syntax of adverbs
1442	bn-347-syntax-of-adverbs	Use of Adverbs — Adverbs qualify verbs, adjectives, or adverbs. (a.) With verbs, all sorts	Syntax of adverbs
1445	bn-347-syntax-of-adverbs	Negative Adverbs — (1.) The negative oftenest used in declaration or interrogation is nōn,	Syntax of adverbs
1447	bn-347-syntax-of-adverbs	Negative Adverbs — (1.) The negative oftenest used in declaration or interrogation is nōn,	Syntax of adverbs
1449	bn-347-syntax-of-adverbs	Negative Adverbs — (1.) The negative oftenest used in declaration or interrogation is nōn,	Syntax of adverbs
1452	bn-347-syntax-of-adverbs	Negative Adverbs — (1.) The negative oftenest used in declaration or interrogation is nōn,	Syntax of adverbs
1454	bn-240-comparatives-and-superlatives	The Positive — The positive sometimes expresses an idea of disproportion: as, prō multitūd	Comparatives and Superlatives
1457	bn-240-comparatives-and-superlatives	The Comparative — When two things only are compared, the comparative is used: as, uter igi	Comparatives and Superlatives
1458	bn-240-comparatives-and-superlatives	The Comparative — When two things only are compared, the comparative is used: as, uter igi	Comparatives and Superlatives
1460	bn-240-comparatives-and-superlatives	The Comparative — When two things only are compared, the comparative is used: as, uter igi	Comparatives and Superlatives
1461	bn-240-comparatives-and-superlatives	The Comparative — When two things only are compared, the comparative is used: as, uter igi	Comparatives and Superlatives
1462	bn-240-comparatives-and-superlatives	The Comparative — When two things only are compared, the comparative is used: as, uter igi	Comparatives and Superlatives
1466	bn-240-comparatives-and-superlatives	The Superlative — When more than two things are compared, the superlative is used to repre	Comparatives and Superlatives
1467	bn-240-comparatives-and-superlatives	The Superlative — When more than two things are compared, the superlative is used to repre	Comparatives and Superlatives
1468	bn-240-comparatives-and-superlatives	The Superlative — When more than two things are compared, the superlative is used to repre	Comparatives and Superlatives
1469	bn-256-voices	The Active Voice — In the active voice, the subject is represented as performing the actio	Voices
1470	bn-256-voices	The Active Voice — In the active voice, the subject is represented as performing the actio	Voices
1471	bn-256-voices	The Active Voice — In the active voice, the subject is represented as performing the actio	Voices
1476	bn-214-genuine-ablative-uses,bn-218-instrumental-uses-of-the-ablative	The Passive Voice — In the passive voice, the subject is represented as acted upon. The ob	Genuine Ablative Uses; Instrumental Uses of the Ablative
1477	bn-214-genuine-ablative-uses,bn-218-instrumental-uses-of-the-ablative	The Passive Voice — In the passive voice, the subject is represented as acted upon. The ob	Genuine Ablative Uses; Instrumental Uses of the Ablative
1481	bn-256-voices	The Passive Voice — In the passive voice, the subject is represented as acted upon. The ob	Voices
1483	bn-133-defective-verbs,bn-256-voices	The Passive Voice — In the passive voice, the subject is represented as acted upon. The ob	Defective Verbs; Voices
1491	bn-112-deponent-verbs	Deponents — Many verbs have only passive inflections, but with the meaning of active infle	Deponent Verbs
1495	bn-271-moods-in-independent-sentences	Declarations — The indicative mood is used in simple, absolute declarations: as, arma viru	Moods in Independent Sentences
1499	bn-162-form-of-interrogative-sentences	The Indicative Mood: Questions — The indicative is the mood ordinarily used in enquiries a	Form of Interrogative Sentences
1500	bn-162-form-of-interrogative-sentences	The Indicative Mood: Questions — The indicative is the mood ordinarily used in enquiries a	Form of Interrogative Sentences
1502	bn-162-form-of-interrogative-sentences	The Indicative Mood: Yes or No Questions — (1.) Yes or No questions are sometimes put with	Form of Interrogative Sentences
1504	bn-162-form-of-interrogative-sentences	The Indicative Mood: Yes or No Questions — (1.) Yes or No questions are sometimes put with	Form of Interrogative Sentences
1506	bn-162-form-of-interrogative-sentences	The Indicative Mood: Yes or No Questions — (1.) Yes or No questions are sometimes put with	Form of Interrogative Sentences
1507	bn-162-form-of-interrogative-sentences	The Indicative Mood: Yes or No Questions — (1.) Yes or No questions are sometimes put with	Form of Interrogative Sentences
1508	bn-162-form-of-interrogative-sentences	The Indicative Mood: Yes or No Questions — (1.) Yes or No questions are sometimes put with	Form of Interrogative Sentences
1509	bn-162-form-of-interrogative-sentences	The Indicative Mood: Yes or No Questions — (1.) Yes or No questions are sometimes put with	Form of Interrogative Sentences
1512	bn-162-form-of-interrogative-sentences	Positive and Negative Answers — There are no two current Latin words corresponding exactly	Form of Interrogative Sentences
1514	bn-162-form-of-interrogative-sentences	Positive and Negative Answers — There are no two current Latin words corresponding exactly	Form of Interrogative Sentences
1519	bn-162-form-of-interrogative-sentences	The Indicative Mood: Alternative Questions — The alternative question belongs properly und	Form of Interrogative Sentences
1520	bn-162-form-of-interrogative-sentences	The Indicative Mood: Alternative Questions — The alternative question belongs properly und	Form of Interrogative Sentences
1522	bn-162-form-of-interrogative-sentences	The Indicative Mood: Alternative Questions — The alternative question belongs properly und	Form of Interrogative Sentences
1524	bn-162-form-of-interrogative-sentences	The Indicative Mood: Alternative Questions — The alternative question belongs properly und	Form of Interrogative Sentences
1526	bn-162-form-of-interrogative-sentences	The Indicative Mood: Pronoun Questions — Pronoun questions or exclamations are introduced 	Form of Interrogative Sentences
1528	bn-162-form-of-interrogative-sentences	The Indicative Mood: Pronoun Questions — Pronoun questions or exclamations are introduced 	Form of Interrogative Sentences
1530	bn-162-form-of-interrogative-sentences	The Indicative Mood: Pronoun Questions — Pronoun questions or exclamations are introduced 	Form of Interrogative Sentences
1531	bn-162-form-of-interrogative-sentences	Some Applications of Questions — A question in the indicative present or future may be use	Form of Interrogative Sentences
1533	bn-162-form-of-interrogative-sentences	Some Applications of Questions — A question in the indicative present or future may be use	Form of Interrogative Sentences
1535	bn-326-the-infinitive	The Infinitive of Intimation — The infinitive is principally used in subordination, and wi	The Infinitive
1537	bn-326-the-infinitive	The Infinitive of Intimation — The infinitive is principally used in subordination, and wi	The Infinitive
1539	bn-326-the-infinitive	The Infinitive of Intimation — The infinitive is principally used in subordination, and wi	The Infinitive
1541	bn-279-optative-subjunctive	Wish — The subjunctive may be used to express a wish. Wishes are often introduced by utina	Optative Subjunctive
1542	bn-279-optative-subjunctive	Wish — The subjunctive may be used to express a wish. Wishes are often introduced by utina	Optative Subjunctive
1544	bn-279-optative-subjunctive	Wish — The subjunctive may be used to express a wish. Wishes are often introduced by utina	Optative Subjunctive
1548	bn-274-hortatory-subjunctive,bn-275-jussive-subjunctive	Exhortation, Direction, Statement of Propriety — The subjunctive may be used to express an	Hortatory Subjunctive; Jussive Subjunctive
1549	bn-275-jussive-subjunctive,bn-276-prohibitive-subjunctive	Exhortation, Direction, Statement of Propriety — The subjunctive may be used to express an	Jussive Subjunctive; Prohibitive Subjunctive
1550	bn-275-jussive-subjunctive	Exhortation, Direction, Statement of Propriety — The subjunctive may be used to express an	Jussive Subjunctive
1551	bn-276-prohibitive-subjunctive	Exhortation, Direction, Statement of Propriety — The subjunctive may be used to express an	Prohibitive Subjunctive
1552	bn-275-jussive-subjunctive	Exhortation, Direction, Statement of Propriety — The subjunctive may be used to express an	Jussive Subjunctive
1553	bn-278-concessive-subjunctive	Willingness, Assumption, Concession — The subjunctive of desire may be used to denote will	Concessive Subjunctive
1556	bn-280-potential-subjunctive	The Subjunctive of Action Conceivable — The subjunctive is often used to represent action 	Potential Subjunctive
1557	bn-280-potential-subjunctive	The Subjunctive of Action Conceivable — The subjunctive is often used to represent action 	Potential Subjunctive
1558	bn-280-potential-subjunctive	The Subjunctive of Action Conceivable — The subjunctive is often used to represent action 	Potential Subjunctive
1559	bn-280-potential-subjunctive	The Subjunctive of Action Conceivable — The subjunctive is often used to represent action 	Potential Subjunctive
1560	bn-280-potential-subjunctive	The Subjunctive of Action Conceivable — The subjunctive is often used to represent action 	Potential Subjunctive
1561	bn-280-potential-subjunctive	The Subjunctive of Action Conceivable — The subjunctive is often used to represent action 	Potential Subjunctive
1563	bn-277-deliberative-subjunctive	Mood: Questions — I. The subjunctive is often used to ask what action or whether any actio	Deliberative Subjunctive
1564	bn-277-deliberative-subjunctive	Mood: Questions — I. The subjunctive is often used to ask what action or whether any actio	Deliberative Subjunctive
1565	bn-280-potential-subjunctive	Mood: Questions — I. The subjunctive is often used to ask what action or whether any actio	Potential Subjunctive
1567	bn-277-deliberative-subjunctive	Mood: Questions — I. The subjunctive is often used to ask what action or whether any actio	Deliberative Subjunctive
1568	bn-277-deliberative-subjunctive	Mood: Questions — I. The subjunctive is often used to ask what action or whether any actio	Deliberative Subjunctive
1569	bn-277-deliberative-subjunctive	Mood: Questions — I. The subjunctive is often used to ask what action or whether any actio	Deliberative Subjunctive
1571	bn-280-potential-subjunctive	Command — The second person of the imperative mood is used in commands, either particular 	Potential Subjunctive
1573	bn-280-potential-subjunctive	Command — The second person of the imperative mood is used in commands, either particular 	Potential Subjunctive
1575	bn-280-potential-subjunctive	Command — The second person of the imperative mood is used in commands, either particular 	Potential Subjunctive
1577	bn-280-potential-subjunctive	Command — The second person of the imperative mood is used in commands, either particular 	Potential Subjunctive
1578	bn-280-potential-subjunctive	Command — The second person of the imperative mood is used in commands, either particular 	Potential Subjunctive
1579	bn-275-jussive-subjunctive	Command — The second person of the imperative mood is used in commands, either particular 	Jussive Subjunctive
1583	bn-276-prohibitive-subjunctive	Prohibition — (1.) In prohibitions with the second person, the imperative with nē is used 	Prohibitive Subjunctive
1587	bn-257-tenses-of-the-indicative	The Tenses of the Indicative: The Present Tense — The present indicative represents action	Tenses of the Indicative
1588	bn-257-tenses-of-the-indicative	The Tenses of the Indicative: The Present Tense — The present indicative represents action	Tenses of the Indicative
1589	bn-257-tenses-of-the-indicative	The Tenses of the Indicative: The Present Tense — The present indicative represents action	Tenses of the Indicative
1591	bn-257-tenses-of-the-indicative	The Tenses of the Indicative: The Present Tense — The present indicative represents action	Tenses of the Indicative
1592	bn-257-tenses-of-the-indicative	The Tenses of the Indicative: The Present Tense — The present indicative represents action	Tenses of the Indicative
1595	bn-257-tenses-of-the-indicative	The Imperfect Tense — The imperfect indicative represents action as going on in past time:	Tenses of the Indicative
1596	bn-257-tenses-of-the-indicative	The Imperfect Tense — The imperfect indicative represents action as going on in past time:	Tenses of the Indicative
1597	bn-257-tenses-of-the-indicative	The Imperfect Tense — The imperfect indicative represents action as going on in past time:	Tenses of the Indicative
1599	bn-257-tenses-of-the-indicative	The Imperfect Tense — The imperfect indicative represents action as going on in past time:	Tenses of the Indicative
1601	bn-257-tenses-of-the-indicative	The Imperfect Tense — The imperfect indicative represents action as going on in past time:	Tenses of the Indicative
1602	bn-257-tenses-of-the-indicative	The Tenses of the Indicative: The Perfect Tense — The Latin perfect indicative represents 	Tenses of the Indicative
1603	bn-257-tenses-of-the-indicative	The Historical Perfect — The historical perfect simply expresses action as having occurred	Tenses of the Indicative
1606	bn-257-tenses-of-the-indicative	The Perfect Definite — The perfect definite expresses action which is already completed at	Tenses of the Indicative
1609	bn-257-tenses-of-the-indicative	The Perfect Definite — The perfect definite expresses action which is already completed at	Tenses of the Indicative
1611	bn-257-tenses-of-the-indicative	The Perfect Definite — The perfect definite expresses action which is already completed at	Tenses of the Indicative
1612	bn-257-tenses-of-the-indicative	The Perfect Definite — The perfect definite expresses action which is already completed at	Tenses of the Indicative
1613	bn-257-tenses-of-the-indicative	The Perfect Definite — The perfect definite expresses action which is already completed at	Tenses of the Indicative
1614	bn-257-tenses-of-the-indicative	The Pluperfect Tense — The pluperfect indicative expresses past action, completed before a	Tenses of the Indicative
1615	bn-257-tenses-of-the-indicative	The Pluperfect Tense — The pluperfect indicative expresses past action, completed before a	Tenses of the Indicative
1616	bn-257-tenses-of-the-indicative	The Pluperfect Tense — The pluperfect indicative expresses past action, completed before a	Tenses of the Indicative
1617	bn-257-tenses-of-the-indicative	The Pluperfect Tense — The pluperfect indicative expresses past action, completed before a	Tenses of the Indicative
1619	bn-257-tenses-of-the-indicative	The Tenses of the Indicative: The Future Tense — The future indicative expresses future ac	Tenses of the Indicative
1620	bn-257-tenses-of-the-indicative	The Tenses of the Indicative: The Future Tense — The future indicative expresses future ac	Tenses of the Indicative
1624	bn-257-tenses-of-the-indicative	The Tenses of the Indicative: The Future Tense — The future indicative expresses future ac	Tenses of the Indicative
1625	bn-257-tenses-of-the-indicative	The Tenses of the Indicative: The Future Tense — The future indicative expresses future ac	Tenses of the Indicative
1627	bn-257-tenses-of-the-indicative	The Future Perfect Tense — The future perfect indicative expresses completed future action	Tenses of the Indicative
1629	bn-257-tenses-of-the-indicative	The Future Perfect Tense — The future perfect indicative expresses completed future action	Tenses of the Indicative
1630	bn-257-tenses-of-the-indicative	The Future Perfect Tense — The future perfect indicative expresses completed future action	Tenses of the Indicative
1631	bn-257-tenses-of-the-indicative	The Future Perfect Tense — The future perfect indicative expresses completed future action	Tenses of the Indicative
1633	bn-115-periphrastic-conjugation	The Future Active Participle with sum — The future active participle combined with the ten	Periphrastic Conjugation
1635	bn-266-tenses-of-the-subjunctive	Use of the Verb: The Tenses of the Subjunctive — In simple sentences, the tenses of the su	Tenses of the Subjunctive
1636	bn-164-simple-and-compound-sentences	The Compound Sentence, or Coordination — Two or more independent simple sentences may be c	Simple and Compound Sentences
1639	bn-341-coordinate-conjunctions	The Compound Sentence, or Coordination: Without a Connective — When simple sentences or pa	Coördinate Conjunctions
1640	bn-341-coordinate-conjunctions	The Compound Sentence, or Coordination: Without a Connective — When simple sentences or pa	Coördinate Conjunctions
1641	bn-341-coordinate-conjunctions	The Compound Sentence, or Coordination: Without a Connective — When simple sentences or pa	Coördinate Conjunctions
1642	bn-341-coordinate-conjunctions	The Compound Sentence, or Coordination: Without a Connective — When simple sentences or pa	Coördinate Conjunctions
1645	bn-341-coordinate-conjunctions	Copulative Conjunctions — Copulative conjunctions denote union, and connect both the sente	Coördinate Conjunctions
1646	bn-341-coordinate-conjunctions	Copulative Conjunctions — Copulative conjunctions denote union, and connect both the sente	Coördinate Conjunctions
1647	bn-341-coordinate-conjunctions	Copulative Conjunctions — Copulative conjunctions denote union, and connect both the sente	Coördinate Conjunctions
1649	bn-341-coordinate-conjunctions	Copulative Conjunctions — Copulative conjunctions denote union, and connect both the sente	Coördinate Conjunctions
1652	bn-341-coordinate-conjunctions	Copulative Conjunctions — Copulative conjunctions denote union, and connect both the sente	Coördinate Conjunctions
1653	bn-341-coordinate-conjunctions	Copulative Conjunctions — Copulative conjunctions denote union, and connect both the sente	Coördinate Conjunctions
1655	bn-341-coordinate-conjunctions	Copulative Conjunctions — Copulative conjunctions denote union, and connect both the sente	Coördinate Conjunctions
1657	bn-341-coordinate-conjunctions	Copulative Conjunctions — Copulative conjunctions denote union, and connect both the sente	Coördinate Conjunctions
1659	bn-341-coordinate-conjunctions	Copulative Conjunctions — Copulative conjunctions denote union, and connect both the sente	Coördinate Conjunctions
1660	bn-341-coordinate-conjunctions	Copulative Conjunctions — Copulative conjunctions denote union, and connect both the sente	Coördinate Conjunctions
1661	bn-341-coordinate-conjunctions	Copulative Conjunctions — Copulative conjunctions denote union, and connect both the sente	Coördinate Conjunctions
1665	bn-341-coordinate-conjunctions	Combination of Different Copulatives — Different copulatives are sometimes combined, as fo	Coördinate Conjunctions
1668	bn-341-coordinate-conjunctions	Disjunctive Conjunctions — Disjunctive conjunctions connect the sentences, but disconnect 	Coördinate Conjunctions
1669	bn-341-coordinate-conjunctions	Disjunctive Conjunctions — Disjunctive conjunctions connect the sentences, but disconnect 	Coördinate Conjunctions
1670	bn-341-coordinate-conjunctions	Disjunctive Conjunctions — Disjunctive conjunctions connect the sentences, but disconnect 	Coördinate Conjunctions
1671	bn-341-coordinate-conjunctions	Disjunctive Conjunctions — Disjunctive conjunctions connect the sentences, but disconnect 	Coördinate Conjunctions
1672	bn-341-coordinate-conjunctions	Disjunctive Conjunctions — Disjunctive conjunctions connect the sentences, but disconnect 	Coördinate Conjunctions
1673	bn-341-coordinate-conjunctions	Disjunctive Conjunctions — Disjunctive conjunctions connect the sentences, but disconnect 	Coördinate Conjunctions
1674	bn-341-coordinate-conjunctions	Disjunctive Conjunctions — Disjunctive conjunctions connect the sentences, but disconnect 	Coördinate Conjunctions
1680	bn-341-coordinate-conjunctions	Adversative Conjunctions — Adversative conjunctions connect the sentences, but contrast th	Coördinate Conjunctions
1681	bn-341-coordinate-conjunctions	Adversative Conjunctions — Adversative conjunctions connect the sentences, but contrast th	Coördinate Conjunctions
1684	bn-341-coordinate-conjunctions	Adversative Conjunctions — Adversative conjunctions connect the sentences, but contrast th	Coördinate Conjunctions
1685	bn-341-coordinate-conjunctions	Adversative Conjunctions — Adversative conjunctions connect the sentences, but contrast th	Coördinate Conjunctions
1686	bn-341-coordinate-conjunctions	Adversative Conjunctions — Adversative conjunctions connect the sentences, but contrast th	Coördinate Conjunctions
1687	bn-341-coordinate-conjunctions	Other Words As Connectives — Instead of a conjunction, other words are often used as conne	Coördinate Conjunctions
1688	bn-341-coordinate-conjunctions	Other Words As Connectives — Instead of a conjunction, other words are often used as conne	Coördinate Conjunctions
1689	bn-341-coordinate-conjunctions	Other Words As Connectives — Instead of a conjunction, other words are often used as conne	Coördinate Conjunctions
1691	bn-341-coordinate-conjunctions	Other Words As Connectives — Instead of a conjunction, other words are often used as conne	Coördinate Conjunctions
1692	bn-341-coordinate-conjunctions	Other Words As Connectives — Instead of a conjunction, other words are often used as conne	Coördinate Conjunctions
1699		The Intermediate Coordinate Sentence — A sentence coordinate in form with another sentence	
1701	bn-301-conditional-sentences	The Intermediate Coordinate Sentence — A sentence coordinate in form with another sentence	Conditional Sentences
1702		The Intermediate Coordinate Sentence — A sentence coordinate in form with another sentence	
1704	bn-279-optative-subjunctive	The Intermediate Coordinate Sentence — A sentence coordinate in form with another sentence	Optative Subjunctive
1707	bn-292-temporal-clauses-with-the-subjunctive	The Intermediate Coordinate Sentence — A sentence coordinate in form with another sentence	Temporal clauses with the subjunctive
1708	bn-292-temporal-clauses-with-the-subjunctive	The Intermediate Coordinate Sentence — A sentence coordinate in form with another sentence	Temporal clauses with the subjunctive
1709	bn-292-temporal-clauses-with-the-subjunctive	The Intermediate Coordinate Sentence — A sentence coordinate in form with another sentence	Temporal clauses with the subjunctive
1710	bn-292-temporal-clauses-with-the-subjunctive,bn-278-concessive-subjunctive	The Intermediate Coordinate Sentence — A sentence coordinate in form with another sentence	Temporal clauses with the subjunctive; Concessive Subjunctive
1712	bn-292-temporal-clauses-with-the-subjunctive	The Intermediate Coordinate Sentence — A sentence coordinate in form with another sentence	Temporal clauses with the subjunctive
1715	bn-164-simple-and-compound-sentences	The Complex Sentence, or Subordination — In a complex sentence, that is one consisting of 	Simple and Compound Sentences
1720	bn-282-moods-in-dependent-clauses	Mood of the Subordinate Sentence — The indicative and the subjunctive are both used in sub	Moods in Dependent Clauses
1721	bn-314-moods-in-indirect-discourse,bn-324-subjunctive-by-attraction	Mood of the Subordinate Sentence: The Indicative Mood — The indicative is ordinarily used 	Moods in Indirect Discourse; Subjunctive by Attraction
1724	bn-314-moods-in-indirect-discourse	The Subjunctive of Indirect Discourse and of Attraction — The subjunctive is used in relat	Moods in Indirect Discourse
1725	bn-323-implied-indirect-discourse	The Subjunctive of Indirect Discourse and of Attraction — The subjunctive is used in relat	Implied Indirect Discourse
1728	bn-324-subjunctive-by-attraction	The Subjunctive of Indirect Discourse and of Attraction — The subjunctive is used in relat	Subjunctive by Attraction
1729	bn-314-moods-in-indirect-discourse	The Subjunctive of Indirect Discourse and of Attraction — The subjunctive is used in relat	Moods in Indirect Discourse
1730	bn-301-conditional-sentences	The Subjunctive of Repeated Action — The subjunctive is sometimes used in relative, tempor	Conditional Sentences
1731		The Subjunctive as in the Simple Sentence — The subjunctive of wish, of action conceivable	
1733	bn-257-tenses-of-the-indicative,bn-292-temporal-clauses-with-the-subjunctive	The Tenses of the Indicative — I. The tense of a subordinate indicative often indicates a 	Tenses of the Indicative; Temporal clauses with the subjunctive
1735	bn-257-tenses-of-the-indicative	The Tenses of the Indicative — I. The tense of a subordinate indicative often indicates a 	Tenses of the Indicative
1736	bn-257-tenses-of-the-indicative	The Tenses of the Indicative — I. The tense of a subordinate indicative often indicates a 	Tenses of the Indicative
1737	bn-257-tenses-of-the-indicative	The Tenses of the Indicative — I. The tense of a subordinate indicative often indicates a 	Tenses of the Indicative
1740	bn-266-tenses-of-the-subjunctive	Tense of the Subordinate Sentence: The Tenses of the Subjunctive — Subordinate subjunctive	Tenses of the Subjunctive
1741	bn-266-tenses-of-the-subjunctive	Tense of the Subordinate Sentence: The Tenses of the Subjunctive — Subordinate subjunctive	Tenses of the Subjunctive
1742	bn-266-tenses-of-the-subjunctive	Tense of the Subordinate Sentence: The Tenses of the Subjunctive — Subordinate subjunctive	Tenses of the Subjunctive
1743	bn-266-tenses-of-the-subjunctive	Tense of the Subordinate Sentence: The Tenses of the Subjunctive — Subordinate subjunctive	Tenses of the Subjunctive
1744	bn-266-tenses-of-the-subjunctive	Tense of the Subordinate Sentence: The Tenses of the Subjunctive — Subordinate subjunctive	Tenses of the Subjunctive
1745	bn-266-tenses-of-the-subjunctive	Tense of the Subordinate Sentence: The Tenses of the Subjunctive — Subordinate subjunctive	Tenses of the Subjunctive
1746	bn-266-tenses-of-the-subjunctive	Tense subordinate to an Indicative — (1.) The present, or perfect subjunctive, or the futu	Tenses of the Subjunctive
1747	bn-266-tenses-of-the-subjunctive	Tense subordinate to an Indicative — (1.) The present, or perfect subjunctive, or the futu	Tenses of the Subjunctive
1748	bn-266-tenses-of-the-subjunctive	Tense subordinate to an Indicative — (1.) The present, or perfect subjunctive, or the futu	Tenses of the Subjunctive
1750	bn-266-tenses-of-the-subjunctive	Tense subordinate to an Indicative — (1.) The present, or perfect subjunctive, or the futu	Tenses of the Subjunctive
1751	bn-266-tenses-of-the-subjunctive	Tense subordinate to an Indicative — (1.) The present, or perfect subjunctive, or the futu	Tenses of the Subjunctive
1752	bn-266-tenses-of-the-subjunctive	Tense subordinate to an Indicative — (1.) The present, or perfect subjunctive, or the futu	Tenses of the Subjunctive
1753	bn-266-tenses-of-the-subjunctive	Tense subordinate to an Indicative — (1.) The present, or perfect subjunctive, or the futu	Tenses of the Subjunctive
1754	bn-266-tenses-of-the-subjunctive	Tense subordinate to an Indicative — (1.) The present, or perfect subjunctive, or the futu	Tenses of the Subjunctive
1756	bn-266-tenses-of-the-subjunctive	Tense subordinate to an Indicative — (1.) The present, or perfect subjunctive, or the futu	Tenses of the Subjunctive
1757	bn-266-tenses-of-the-subjunctive	Tense subordinate to an Indicative — (1.) The present, or perfect subjunctive, or the futu	Tenses of the Subjunctive
1760	bn-266-tenses-of-the-subjunctive	Tense subordinate to an Indicative — (1.) The present, or perfect subjunctive, or the futu	Tenses of the Subjunctive
1761	bn-266-tenses-of-the-subjunctive	Tense subordinate to an Indicative — (1.) The present, or perfect subjunctive, or the futu	Tenses of the Subjunctive
1762	bn-266-tenses-of-the-subjunctive	Tense subordinate to a Subjunctive — When the leading verb is a subjunctive, the present i	Tenses of the Subjunctive
1764	bn-266-tenses-of-the-subjunctive	Tense subordinate to a Subjunctive — When the leading verb is a subjunctive, the present i	Tenses of the Subjunctive
1765	bn-266-tenses-of-the-subjunctive	Tense subordinate to a Subjunctive — When the leading verb is a subjunctive, the present i	Tenses of the Subjunctive
1766	bn-266-tenses-of-the-subjunctive	Tense subordinate to a Noun of the Verb — (1.) A subjunctive subordinate to one of the nou	Tenses of the Subjunctive
1767	bn-266-tenses-of-the-subjunctive	Tense subordinate to a Noun of the Verb — (1.) A subjunctive subordinate to one of the nou	Tenses of the Subjunctive
1768	bn-266-tenses-of-the-subjunctive	Tense subordinate to a Noun of the Verb — (1.) A subjunctive subordinate to one of the nou	Tenses of the Subjunctive
1769	bn-266-tenses-of-the-subjunctive	Tense subordinate to a Noun of the Verb — (1.) A subjunctive subordinate to one of the nou	Tenses of the Subjunctive
1771	bn-317-tenses-in-indirect-discourse	Tense subordinate to a Noun of the Verb — (1.) A subjunctive subordinate to one of the nou	Tenses in Indirect Discourse
1772	bn-317-tenses-in-indirect-discourse	Tense subordinate to a Noun of the Verb — (1.) A subjunctive subordinate to one of the nou	Tenses in Indirect Discourse
1773	bn-292-temporal-clauses-with-the-subjunctive	The Indirect Question — The subjunctive is used in indirect questions or exclamations. Thu	Temporal clauses with the subjunctive
1774	bn-292-temporal-clauses-with-the-subjunctive	The Indirect Question — The subjunctive is used in indirect questions or exclamations. Thu	Temporal clauses with the subjunctive
1775	bn-292-temporal-clauses-with-the-subjunctive	The Indirect Question: Yes or No Questions — Indirect Yes or No questions are introduced b	Temporal clauses with the subjunctive
1777	bn-292-temporal-clauses-with-the-subjunctive	The Indirect Question: Yes or No Questions — Indirect Yes or No questions are introduced b	Temporal clauses with the subjunctive
1778	bn-292-temporal-clauses-with-the-subjunctive	The Indirect Question: Alternative Questions — Indirect alternative questions are introduc	Temporal clauses with the subjunctive
1780	bn-292-temporal-clauses-with-the-subjunctive	The Indirect Question: Alternative Questions — Indirect alternative questions are introduc	Temporal clauses with the subjunctive
1782	bn-292-temporal-clauses-with-the-subjunctive	The Indirect Question: Alternative Questions — Indirect alternative questions are introduc	Temporal clauses with the subjunctive
1784	bn-292-temporal-clauses-with-the-subjunctive	The Indirect Question: Alternative Questions — Indirect alternative questions are introduc	Temporal clauses with the subjunctive
1785	bn-292-temporal-clauses-with-the-subjunctive	The Indirect Question: Pronoun Questions — Indirect pronoun questions are introduced by th	Temporal clauses with the subjunctive
1786	bn-292-temporal-clauses-with-the-subjunctive	Original Subjunctives — Questions already in the subjunctive may also become indirect. Thu	Temporal clauses with the subjunctive
1787	bn-292-temporal-clauses-with-the-subjunctive	Indicative Questions apparently Indirect — In old Latin, the indicative occurs often in co	Temporal clauses with the subjunctive
1789	bn-252-syntax-of-indefinite-pronouns	Indicative Questions apparently Indirect — In old Latin, the indicative occurs often in co	Syntax of indefinite pronouns
1795	bn-250-syntax-of-relative-pronouns	The Relative Sentence — Relative sentences are introduced by relative words, the most impo	Syntax of relative pronouns
1796	bn-250-syntax-of-relative-pronouns	The Relative Sentence — Relative sentences are introduced by relative words, the most impo	Syntax of relative pronouns
1798	bn-250-syntax-of-relative-pronouns	The Relative Sentence — Relative sentences are introduced by relative words, the most impo	Syntax of relative pronouns
1799	bn-250-syntax-of-relative-pronouns	The Relative Sentence — Relative sentences are introduced by relative words, the most impo	Syntax of relative pronouns
1800	bn-250-syntax-of-relative-pronouns	The Relative Sentence — Relative sentences are introduced by relative words, the most impo	Syntax of relative pronouns
1803	bn-250-syntax-of-relative-pronouns	Agreement of the Relative — The agreement of the relative has already been spoken of in a 	Syntax of relative pronouns
1804	bn-250-syntax-of-relative-pronouns	Agreement of the Relative — The agreement of the relative has already been spoken of in a 	Syntax of relative pronouns
1805	bn-250-syntax-of-relative-pronouns	Agreement of the Relative — The agreement of the relative has already been spoken of in a 	Syntax of relative pronouns
1806	bn-250-syntax-of-relative-pronouns	Agreement of the Relative — The agreement of the relative has already been spoken of in a 	Syntax of relative pronouns
1807	bn-250-syntax-of-relative-pronouns	Agreement of the Relative — The agreement of the relative has already been spoken of in a 	Syntax of relative pronouns
1809	bn-250-syntax-of-relative-pronouns	Agreement of the Relative — The agreement of the relative has already been spoken of in a 	Syntax of relative pronouns
1810	bn-250-syntax-of-relative-pronouns	Agreement of the Relative — The agreement of the relative has already been spoken of in a 	Syntax of relative pronouns
1811	bn-250-syntax-of-relative-pronouns	Agreement of the Relative — The agreement of the relative has already been spoken of in a 	Syntax of relative pronouns
1812	bn-301-conditional-sentences	Moods in the Relative Sentence — The relative is sometimes equivalent to a conditional pro	Conditional Sentences
1813	bn-282-moods-in-dependent-clauses	Moods in the Relative Sentence: The Indicative Mood — The indicative is used in simple dec	Moods in Dependent Clauses
1814	bn-282-moods-in-dependent-clauses	Moods in the Relative Sentence: The Indicative Mood — The indicative is used in simple dec	Moods in Dependent Clauses
1816	bn-282-moods-in-dependent-clauses	The Subjunctive Mood — Relative pronoun sentences take the subjunctive to denote (1.) a pu	Moods in Dependent Clauses
1817	bn-282-moods-in-dependent-clauses	Sentences of Purpose — (1.) Relative sentences of purpose are equivalent to subjunctive se	Moods in Dependent Clauses
1818	bn-282-moods-in-dependent-clauses	Sentences of Characteristic or Result — (2.) Relative sentences of characteristic or resul	Moods in Dependent Clauses
1819	bn-282-moods-in-dependent-clauses	Sentences of Characteristic or Result — (2.) Relative sentences of characteristic or resul	Moods in Dependent Clauses
1821	bn-282-moods-in-dependent-clauses	Sentences of Characteristic or Result — (2.) Relative sentences of characteristic or resul	Moods in Dependent Clauses
1823	bn-282-moods-in-dependent-clauses	Sentences of Characteristic or Result — (2.) Relative sentences of characteristic or resul	Moods in Dependent Clauses
1824	bn-282-moods-in-dependent-clauses	Sentences of Cause or Concession — (3.) Relative sentences of cause, reason, proof, or of 	Moods in Dependent Clauses
1825	bn-282-moods-in-dependent-clauses	Sentences of Cause or Concession — (3.) Relative sentences of cause, reason, proof, or of 	Moods in Dependent Clauses
1827	bn-282-moods-in-dependent-clauses	Sentences of Cause or Concession — (3.) Relative sentences of cause, reason, proof, or of 	Moods in Dependent Clauses
1829	bn-282-moods-in-dependent-clauses	Sentences of Cause or Concession — (3.) Relative sentences of cause, reason, proof, or of 	Moods in Dependent Clauses
1830	bn-282-moods-in-dependent-clauses	Sentences of Cause or Concession — (3.) Relative sentences of cause, reason, proof, or of 	Moods in Dependent Clauses
1831		Correlative Sentences — Sentences are said to be correlative, when a relative pronoun or a	
1832	bn-250-syntax-of-relative-pronouns	Coordination of a Relative — (1.) When two coordinate relative sentences would have the se	Syntax of relative pronouns
1833	bn-250-syntax-of-relative-pronouns	Coordination of a Relative — (1.) When two coordinate relative sentences would have the se	Syntax of relative pronouns
1834	bn-250-syntax-of-relative-pronouns	Subordination of a Relative — A sentence consisting of a main and a relative member, may b	Syntax of relative pronouns
1835	bn-250-syntax-of-relative-pronouns	The Relative Introducing a Main Sentence — Besides the ordinary use of the relative, to in	Syntax of relative pronouns
1841	bn-282-moods-in-dependent-clauses	quod — The conjunctive particle quod, originally the neuter of the relative pronoun, has b	Moods in Dependent Clauses
1842	bn-292-temporal-clauses-with-the-subjunctive	quod — The conjunctive particle quod, originally the neuter of the relative pronoun, has b	Temporal clauses with the subjunctive
1845	bn-292-temporal-clauses-with-the-subjunctive	quod — The conjunctive particle quod, originally the neuter of the relative pronoun, has b	Temporal clauses with the subjunctive
1848		quod — The conjunctive particle quod, originally the neuter of the relative pronoun, has b	
1849	bn-292-temporal-clauses-with-the-subjunctive	quod — The conjunctive particle quod, originally the neuter of the relative pronoun, has b	Temporal clauses with the subjunctive
1850	bn-292-temporal-clauses-with-the-subjunctive	quod — The conjunctive particle quod, originally the neuter of the relative pronoun, has b	Temporal clauses with the subjunctive
1851	bn-292-temporal-clauses-with-the-subjunctive,bn-282-moods-in-dependent-clauses	quod — The conjunctive particle quod, originally the neuter of the relative pronoun, has b	Temporal clauses with the subjunctive; Moods in Dependent Clauses
1852	bn-292-temporal-clauses-with-the-subjunctive,bn-282-moods-in-dependent-clauses	quod — The conjunctive particle quod, originally the neuter of the relative pronoun, has b	Temporal clauses with the subjunctive; Moods in Dependent Clauses
1853	bn-282-moods-in-dependent-clauses	quod — The conjunctive particle quod, originally the neuter of the relative pronoun, has b	Moods in Dependent Clauses
1855	bn-282-moods-in-dependent-clauses	quod — The conjunctive particle quod, originally the neuter of the relative pronoun, has b	Moods in Dependent Clauses
1856	bn-282-moods-in-dependent-clauses	quia — quia, a neuter accusative plural of the relative stem (701) is used in both a decla	Moods in Dependent Clauses
1857	bn-282-moods-in-dependent-clauses	quia — quia, a neuter accusative plural of the relative stem (701) is used in both a decla	Moods in Dependent Clauses
1858	bn-282-moods-in-dependent-clauses	quia — quia, a neuter accusative plural of the relative stem (701) is used in both a decla	Moods in Dependent Clauses
1859	bn-282-moods-in-dependent-clauses	quom or cum — quom or cum (157, 711), used as a relative conjunctive particle (1794), has 	Moods in Dependent Clauses
1860	bn-282-moods-in-dependent-clauses	quom or cum: With the Indicative — cum, when, whenever, if, of indefinite time, may introd	Moods in Dependent Clauses
1862	bn-282-moods-in-dependent-clauses	quom or cum: With the Indicative — cum, when, whenever, if, of indefinite time, may introd	Moods in Dependent Clauses
1866	bn-282-moods-in-dependent-clauses	quom or cum: With the Indicative — cum, when, whenever, if, of indefinite time, may introd	Moods in Dependent Clauses
1867	bn-282-moods-in-dependent-clauses	quom or cum: With the Indicative — cum, when, whenever, if, of indefinite time, may introd	Moods in Dependent Clauses
1868	bn-282-moods-in-dependent-clauses	quom or cum: With the Indicative — cum, when, whenever, if, of indefinite time, may introd	Moods in Dependent Clauses
1869	bn-282-moods-in-dependent-clauses	quom or cum: With the Indicative — cum, when, whenever, if, of indefinite time, may introd	Moods in Dependent Clauses
1870	bn-282-moods-in-dependent-clauses	quom or cum: With the Indicative — cum, when, whenever, if, of indefinite time, may introd	Moods in Dependent Clauses
1871	bn-282-moods-in-dependent-clauses	quom or cum: With the Indicative — cum, when, whenever, if, of indefinite time, may introd	Moods in Dependent Clauses
1872	bn-282-moods-in-dependent-clauses	quom or cum: With the Subjunctive — With cum, when, the imperfect or pluperfect subjunctiv	Moods in Dependent Clauses
1873	bn-282-moods-in-dependent-clauses	quom or cum: With the Subjunctive — With cum, when, the imperfect or pluperfect subjunctiv	Moods in Dependent Clauses
1877	bn-282-moods-in-dependent-clauses	Explanatory and Causal cum — The indicative is often used with explanatory cum when the ac	Moods in Dependent Clauses
1879	bn-282-moods-in-dependent-clauses	Explanatory and Causal cum — The indicative is often used with explanatory cum when the ac	Moods in Dependent Clauses
1880	bn-282-moods-in-dependent-clauses	Explanatory and Causal cum — The indicative is often used with explanatory cum when the ac	Moods in Dependent Clauses
1881	bn-282-moods-in-dependent-clauses,bn-341-coordinate-conjunctions	cum . . . tum — A protasis with cum is often followed by an emphatic apodosis introduced b	Moods in Dependent Clauses; Coördinate Conjunctions
1884	bn-282-moods-in-dependent-clauses	quoniam — quoniam, compounded of quom and iam, when now, refers primarily to time, but is 	Moods in Dependent Clauses
1885	bn-282-moods-in-dependent-clauses	quotiēns, quotiēnscumque — The relative particle quotiēns (711), or quotiēnscumque, every 	Moods in Dependent Clauses
1886	bn-282-moods-in-dependent-clauses	quotiēns, quotiēnscumque — The relative particle quotiēns (711), or quotiēnscumque, every 	Moods in Dependent Clauses
1888	bn-240-comparatives-and-superlatives	quam — quam, as or than, introduces an indicative protasis in periods of comparison. For s	Comparatives and Superlatives
1889		quam: With the Indicative — (1.) quam, as, is used in the protasis of a comparative period	
1891	bn-341-coordinate-conjunctions	quam: With the Indicative — (1.) quam, as, is used in the protasis of a comparative period	Coördinate Conjunctions
1892	bn-240-comparatives-and-superlatives	quam: With the Indicative — (1.) quam, as, is used in the protasis of a comparative period	Comparatives and Superlatives
1894	bn-240-comparatives-and-superlatives,bn-214-genuine-ablative-uses	quam: With the Indicative — (1.) quam, as, is used in the protasis of a comparative period	Comparatives and Superlatives; Genuine Ablative Uses
1895	bn-240-comparatives-and-superlatives	quam: With the Indicative — (1.) quam, as, is used in the protasis of a comparative period	Comparatives and Superlatives
1896	bn-282-moods-in-dependent-clauses	quam: With the Subjunctive — The subjunctive is used with quam or quam ut after comparativ	Moods in Dependent Clauses
1897	bn-292-temporal-clauses-with-the-subjunctive	quam: With the Subjunctive — The subjunctive is used with quam or quam ut after comparativ	Temporal clauses with the subjunctive
1898	bn-240-comparatives-and-superlatives	quam: With the Infinitive — When the main clause is an infinitive, quam is often followed 	Comparatives and Superlatives
1900	bn-301-conditional-sentences	quamquam — (1.) quamquam is used in old Latin as an indefinite adverb, ever so much, howev	Conditional Sentences
1903	bn-240-comparatives-and-superlatives	quam vīs or quamvīs — quam vīs or quamvīs is used as an indefinite adverb (712), as much a	Comparatives and Superlatives
1904	bn-301-conditional-sentences,bn-278-concessive-subjunctive	quam vīs or quamvīs — quam vīs or quamvīs is used as an indefinite adverb (712), as much a	Conditional Sentences; Concessive Subjunctive
1905	bn-301-conditional-sentences	quam vīs or quamvīs — quam vīs or quamvīs is used as an indefinite adverb (712), as much a	Conditional Sentences
1906	bn-301-conditional-sentences	quam vīs or quamvīs — quam vīs or quamvīs is used as an indefinite adverb (712), as much a	Conditional Sentences
1908		tamquam — tamquam, just as, introduces an indicative protasis in periods of comparison. Th	
1909	bn-282-moods-in-dependent-clauses,bn-323-implied-indirect-discourse	tamquam — tamquam, just as, introduces an indicative protasis in periods of comparison. Th	Moods in Dependent Clauses; Implied Indirect Discourse
1911	bn-291-antequam-and-priusquam-with-the,bn-292-temporal-clauses-with-the-subjunctive	antequam, priusquam — antequam and priusquam accompany both the indicative and the subjunc	Antequam and priusquam with the indicative; Temporal clauses with the subjunctive
1912	bn-291-antequam-and-priusquam-with-the,bn-292-temporal-clauses-with-the-subjunctive	antequam, priusquam: In General Statements — In general present statements, antequam and p	Antequam and priusquam with the indicative; Temporal clauses with the subjunctive
1913	bn-291-antequam-and-priusquam-with-the,bn-292-temporal-clauses-with-the-subjunctive	antequam, priusquam: In General Statements — In general present statements, antequam and p	Antequam and priusquam with the indicative; Temporal clauses with the subjunctive
1914	bn-292-temporal-clauses-with-the-subjunctive	antequam, priusquam: In General Statements — In general present statements, antequam and p	Temporal clauses with the subjunctive
1915	bn-291-antequam-and-priusquam-with-the,bn-292-temporal-clauses-with-the-subjunctive	antequam, priusquam: In Particular Statements — In particular present or future statements	Antequam and priusquam with the indicative; Temporal clauses with the subjunctive
1917	bn-291-antequam-and-priusquam-with-the,bn-292-temporal-clauses-with-the-subjunctive	antequam, priusquam: In Particular Statements — In particular present or future statements	Antequam and priusquam with the indicative; Temporal clauses with the subjunctive
1919	bn-292-temporal-clauses-with-the-subjunctive	antequam, priusquam: In Particular Statements — In particular present or future statements	Temporal clauses with the subjunctive
1920	bn-291-antequam-and-priusquam-with-the,bn-292-temporal-clauses-with-the-subjunctive	antequam, priusquam: In Particular Statements — In particular present or future statements	Antequam and priusquam with the indicative; Temporal clauses with the subjunctive
1921	bn-292-temporal-clauses-with-the-subjunctive	antequam, priusquam: In Particular Statements — In particular present or future statements	Temporal clauses with the subjunctive
1925	bn-282-moods-in-dependent-clauses	ubī̆, ut, cum prīmum, simul atque — With posteā quam, postquam (posquam), after, the follo	Moods in Dependent Clauses
1926	bn-282-moods-in-dependent-clauses	ubī̆, ut, cum prīmum, simul atque — With posteā quam, postquam (posquam), after, the follo	Moods in Dependent Clauses
1927	bn-282-moods-in-dependent-clauses	ubī̆, ut, cum prīmum, simul atque — With posteā quam, postquam (posquam), after, the follo	Moods in Dependent Clauses
1928	bn-282-moods-in-dependent-clauses	ubī̆, ut, cum prīmum, simul atque — With posteā quam, postquam (posquam), after, the follo	Moods in Dependent Clauses
1929	bn-282-moods-in-dependent-clauses	ubī̆, ut, cum prīmum, simul atque — With posteā quam, postquam (posquam), after, the follo	Moods in Dependent Clauses
1930	bn-282-moods-in-dependent-clauses	ubī̆, ut, cum prīmum, simul atque — With posteā quam, postquam (posquam), after, the follo	Moods in Dependent Clauses
1931	bn-282-moods-in-dependent-clauses	ubī̆, ut, cum prīmum, simul atque — With posteā quam, postquam (posquam), after, the follo	Moods in Dependent Clauses
1932	bn-282-moods-in-dependent-clauses	ubī̆, ut, simul atque — ubī̆, ut, or simul atque (ac) often introduces a clause denoting i	Moods in Dependent Clauses
1934	bn-282-moods-in-dependent-clauses	ubī̆, ut, simul atque — ubī̆, ut, or simul atque (ac) often introduces a clause denoting i	Moods in Dependent Clauses
1935	bn-282-moods-in-dependent-clauses	utī or ut — The relative adverb utī or ut (711) is found in the oldest Latin in the form u	Moods in Dependent Clauses
1936		ut, where — utī or ut in the rare signification of where, accompanies the indicative: as, 	
1937		ut, as — The indicative is used in the protasis of a comparative period introduced by utī 	
1938		ut, as — The indicative is used in the protasis of a comparative period introduced by utī 	
1939	bn-252-syntax-of-indefinite-pronouns	ut, as — The indicative is used in the protasis of a comparative period introduced by utī 	Syntax of indefinite pronouns
1940		ut, as — The indicative is used in the protasis of a comparative period introduced by utī 	
1941		ut, as — The indicative is used in the protasis of a comparative period introduced by utī 	
1942		ut, as — The indicative is used in the protasis of a comparative period introduced by utī 	
1943		ut, as — The indicative is used in the protasis of a comparative period introduced by utī 	
1944		ut, as — The indicative is used in the protasis of a comparative period introduced by utī 	
1947	bn-282-moods-in-dependent-clauses	utī or ut. NEGATIVE ut nē, nē, or ut nōn — The subjunctive with ut is: (A.) That of action	Moods in Dependent Clauses
1948	bn-282-moods-in-dependent-clauses	utī or ut. NEGATIVE ut nē, nē, or ut nōn — The subjunctive with ut is: (A.) That of action	Moods in Dependent Clauses
1951	bn-292-temporal-clauses-with-the-subjunctive	Complementary Final Clauses — (1.) The subjunctive with ut or nē is used in clauses which 	Temporal clauses with the subjunctive
1956	bn-292-temporal-clauses-with-the-subjunctive	Complementary Final Clauses — (1.) The subjunctive with ut or nē is used in clauses which 	Temporal clauses with the subjunctive
1957	bn-292-temporal-clauses-with-the-subjunctive	Complementary Final Clauses — (1.) The subjunctive with ut or nē is used in clauses which 	Temporal clauses with the subjunctive
1958	bn-292-temporal-clauses-with-the-subjunctive	Complementary Final Clauses — (1.) The subjunctive with ut or nē is used in clauses which 	Temporal clauses with the subjunctive
1959	bn-292-temporal-clauses-with-the-subjunctive	Complementary Final Clauses — (1.) The subjunctive with ut or nē is used in clauses which 	Temporal clauses with the subjunctive
1960	bn-292-temporal-clauses-with-the-subjunctive	Complementary Final Clauses — (1.) The subjunctive with ut or nē is used in clauses which 	Temporal clauses with the subjunctive
1961	bn-282-moods-in-dependent-clauses	Pure Final Clauses — The subjunctive with ut or nē is used to denote the purpose of the ma	Moods in Dependent Clauses
1962	bn-282-moods-in-dependent-clauses	Pure Final Clauses — The subjunctive with ut or nē is used to denote the purpose of the ma	Moods in Dependent Clauses
1963	bn-301-conditional-sentences	Pure Final Clauses — The subjunctive with ut or nē is used to denote the purpose of the ma	Conditional Sentences
1964	bn-301-conditional-sentences	Pure Final Clauses — The subjunctive with ut or nē is used to denote the purpose of the ma	Conditional Sentences
1965	bn-292-temporal-clauses-with-the-subjunctive	Complementary Consecutive Clauses — The subjunctive with ut or ut nōn is used in clauses w	Temporal clauses with the subjunctive
1967	bn-292-temporal-clauses-with-the-subjunctive	Complementary Consecutive Clauses — The subjunctive with ut or ut nōn is used in clauses w	Temporal clauses with the subjunctive
1968	bn-292-temporal-clauses-with-the-subjunctive	Complementary Consecutive Clauses — The subjunctive with ut or ut nōn is used in clauses w	Temporal clauses with the subjunctive
1969	bn-292-temporal-clauses-with-the-subjunctive	Complementary Consecutive Clauses — The subjunctive with ut or ut nōn is used in clauses w	Temporal clauses with the subjunctive
1970	bn-282-moods-in-dependent-clauses	Pure Consecutive Clauses — The subjunctive is used with ut or ut nōn to denote result. The	Moods in Dependent Clauses
1971		ubī̆ — ubī̆, in the sense of where (709), has the ordinary construction of a relative (181	
1972	bn-282-moods-in-dependent-clauses,bn-292-temporal-clauses-with-the-subjunctive	quō or quī — quō, whereby, wherewith, or in old Latin sometimes quī (689), is the instrume	Moods in Dependent Clauses; Temporal clauses with the subjunctive
1973	bn-218-instrumental-uses-of-the-ablative	quō or quī: With the Indicative — The indicative is used with quō and a comparative in the	Instrumental Uses of the Ablative
1974	bn-282-moods-in-dependent-clauses	quō or quī: With the Subjunctive — The subjunctive is used with quō to express purpose. qu	Moods in Dependent Clauses
1977	bn-292-temporal-clauses-with-the-subjunctive	quōminus — The subjunctive with quōminus (1972) is used to complete the sense of verbs of 	Temporal clauses with the subjunctive
1978	bn-292-temporal-clauses-with-the-subjunctive	quōminus — The subjunctive with quōminus (1972) is used to complete the sense of verbs of 	Temporal clauses with the subjunctive
1983	bn-292-temporal-clauses-with-the-subjunctive	quīn — quīn is composed of quī, the ablative or locative of the interrogative and relative	Temporal clauses with the subjunctive
1985	bn-292-temporal-clauses-with-the-subjunctive	quīn — quīn is composed of quī, the ablative or locative of the interrogative and relative	Temporal clauses with the subjunctive
1986	bn-292-temporal-clauses-with-the-subjunctive	quīn — quīn is composed of quī, the ablative or locative of the interrogative and relative	Temporal clauses with the subjunctive
1987	bn-292-temporal-clauses-with-the-subjunctive	quīn — quīn is composed of quī, the ablative or locative of the interrogative and relative	Temporal clauses with the subjunctive
1988	bn-282-moods-in-dependent-clauses	quīn — quīn is composed of quī, the ablative or locative of the interrogative and relative	Moods in Dependent Clauses
1989	bn-282-moods-in-dependent-clauses	quīn — quīn is composed of quī, the ablative or locative of the interrogative and relative	Moods in Dependent Clauses
1991	bn-292-temporal-clauses-with-the-subjunctive	dum, dōnec, quoad, quamdiū — With the temporal particles dum, while, until, and dōnec, unt	Temporal clauses with the subjunctive
1992	bn-292-temporal-clauses-with-the-subjunctive	dum, dōnec, quoad, quamdiū — With the temporal particles dum, while, until, and dōnec, unt	Temporal clauses with the subjunctive
1993	bn-292-temporal-clauses-with-the-subjunctive	dum, dōnec, quoad, quamdiū — With the temporal particles dum, while, until, and dōnec, unt	Temporal clauses with the subjunctive
1994	bn-292-temporal-clauses-with-the-subjunctive	dum, dōnec, quoad, quamdiū — With the temporal particles dum, while, until, and dōnec, unt	Temporal clauses with the subjunctive
1995	bn-292-temporal-clauses-with-the-subjunctive	dum, in the time while — The present indicative is regularly used with dum, in the time wh	Temporal clauses with the subjunctive
1996	bn-292-temporal-clauses-with-the-subjunctive	dum, in the time while — The present indicative is regularly used with dum, in the time wh	Temporal clauses with the subjunctive
1997	bn-292-temporal-clauses-with-the-subjunctive	dum, in the time while — The present indicative is regularly used with dum, in the time wh	Temporal clauses with the subjunctive
1998	bn-292-temporal-clauses-with-the-subjunctive	dum, in the time while — The present indicative is regularly used with dum, in the time wh	Temporal clauses with the subjunctive
1999	bn-292-temporal-clauses-with-the-subjunctive	dum, quoad, quamdiū (dōnec), all the time while — dum, quoad, or quamdiū, all the time whi	Temporal clauses with the subjunctive
2001	bn-292-temporal-clauses-with-the-subjunctive	dum, quoad, quamdiū (dōnec), all the time while — dum, quoad, or quamdiū, all the time whi	Temporal clauses with the subjunctive
2002	bn-292-temporal-clauses-with-the-subjunctive	dum, quoad, quamdiū (dōnec), all the time while — dum, quoad, or quamdiū, all the time whi	Temporal clauses with the subjunctive
2003	bn-301-conditional-sentences	dum, as long as, provided, so — The present and imperfect subjunctive are used in provisos	Conditional Sentences
2005	bn-292-temporal-clauses-with-the-subjunctive	dum, until — The subjunctive present is used in a protasis introduced by dum, until, when 	Temporal clauses with the subjunctive
2006	bn-292-temporal-clauses-with-the-subjunctive	dum, until — The subjunctive present is used in a protasis introduced by dum, until, when 	Temporal clauses with the subjunctive
2007	bn-292-temporal-clauses-with-the-subjunctive	quoad, dōnec, until — quoad or dōnec, until, introduces a protasis in the present subjunct	Temporal clauses with the subjunctive
2008	bn-292-temporal-clauses-with-the-subjunctive	quoad, dōnec, until — quoad or dōnec, until, introduces a protasis in the present subjunct	Temporal clauses with the subjunctive
2009	bn-292-temporal-clauses-with-the-subjunctive	quoad, dōnec, until — quoad or dōnec, until, introduces a protasis in the present subjunct	Temporal clauses with the subjunctive
2010	bn-282-moods-in-dependent-clauses	quandō — quandō, originally a temporal particle, has the meaning when, which readily passe	Moods in Dependent Clauses
2011	bn-282-moods-in-dependent-clauses	Temporal quandō — quandō, when, introduces a temporal clause with the indicative. The time	Moods in Dependent Clauses
2013	bn-282-moods-in-dependent-clauses	Causal quandō — quandō, since, seeing that, introduces a causal clause with the indicative	Moods in Dependent Clauses
2014	bn-282-moods-in-dependent-clauses	Causal quandō — quandō, since, seeing that, introduces a causal clause with the indicative	Moods in Dependent Clauses
2015	bn-301-conditional-sentences	sī — sī, in early Latin sei, is originally a locative, meaning under those circumstances, 	Conditional Sentences
2016	bn-301-conditional-sentences	Conditional Periods — A protasis introduced by sī, so, if, or nisi, unless, if not, states	Conditional Sentences
2017	bn-301-conditional-sentences	Conditional Periods — A protasis introduced by sī, so, if, or nisi, unless, if not, states	Conditional Sentences
2022	bn-301-conditional-sentences	Classes of Conditional Protases — Conditional protases may be divided into two classes: I.	Conditional Sentences
2023	bn-301-conditional-sentences	Classes of Conditional Protases — Conditional protases may be divided into two classes: I.	Conditional Sentences
2024	bn-301-conditional-sentences	Classes of Conditional Protases — Conditional protases may be divided into two classes: I.	Conditional Sentences
2025	bn-301-conditional-sentences	Indicative Use — The indicative in a conditional protasis may state present, past, or futu	Conditional Sentences
2026	bn-301-conditional-sentences	Protasis in the Present — (a.) Apodosis in the Present. sī sunt dī, beneficī in hominēs su	Conditional Sentences
2027	bn-301-conditional-sentences	Protasis in the Present — (a.) Apodosis in the Present. sī sunt dī, beneficī in hominēs su	Conditional Sentences
2029	bn-301-conditional-sentences	Protasis in the Present — (a.) Apodosis in the Present. sī sunt dī, beneficī in hominēs su	Conditional Sentences
2030	bn-301-conditional-sentences	Protasis in the Present — (a.) Apodosis in the Present. sī sunt dī, beneficī in hominēs su	Conditional Sentences
2032	bn-301-conditional-sentences	Protasis in the Present — (a.) Apodosis in the Present. sī sunt dī, beneficī in hominēs su	Conditional Sentences
2033	bn-301-conditional-sentences	Protasis in the Present — (a.) Apodosis in the Present. sī sunt dī, beneficī in hominēs su	Conditional Sentences
2034	bn-301-conditional-sentences	Protasis in the Perfect — (a.) Apodosis in the Present. sī quid vēnāle habuit Heius, sī id	Conditional Sentences
2035	bn-301-conditional-sentences	Protasis in the Perfect — (a.) Apodosis in the Present. sī quid vēnāle habuit Heius, sī id	Conditional Sentences
2036	bn-301-conditional-sentences	Protasis in the Perfect — (a.) Apodosis in the Present. sī quid vēnāle habuit Heius, sī id	Conditional Sentences
2037	bn-301-conditional-sentences	Protasis in the Perfect — (a.) Apodosis in the Present. sī quid vēnāle habuit Heius, sī id	Conditional Sentences
2042	bn-301-conditional-sentences	Protasis in the Imperfect — (a.) Apodosis in the Present. sī tum nōn pertimēscēbās, nē nun	Conditional Sentences
2044	bn-301-conditional-sentences	Protasis in the Imperfect — (a.) Apodosis in the Present. sī tum nōn pertimēscēbās, nē nun	Conditional Sentences
2049	bn-301-conditional-sentences	Protasis in the Pluperfect — (a.) Apodosis in the Present. sī hoc ita fātō datum erat, ut 	Conditional Sentences
2050	bn-301-conditional-sentences	Protasis in the Pluperfect — (a.) Apodosis in the Present. sī hoc ita fātō datum erat, ut 	Conditional Sentences
2052	bn-301-conditional-sentences	Protasis in the Future — (a.) Apodosis in the Present. eam sei cūrābeis, perbonast, Pl. Me	Conditional Sentences
2054	bn-301-conditional-sentences	Protasis in the Future — (a.) Apodosis in the Present. eam sei cūrābeis, perbonast, Pl. Me	Conditional Sentences
2056	bn-301-conditional-sentences	Protasis in the Future — (a.) Apodosis in the Present. eam sei cūrābeis, perbonast, Pl. Me	Conditional Sentences
2057	bn-301-conditional-sentences	Protasis in the Future — (a.) Apodosis in the Present. eam sei cūrābeis, perbonast, Pl. Me	Conditional Sentences
2058	bn-301-conditional-sentences	Protasis in the Future — (a.) Apodosis in the Present. eam sei cūrābeis, perbonast, Pl. Me	Conditional Sentences
2059	bn-301-conditional-sentences	Protasis in the Future Perfect — (a.) Apodosis in the Present. salvae sunt, sī istōs flūct	Conditional Sentences
2060	bn-301-conditional-sentences	Protasis in the Future Perfect — (a.) Apodosis in the Present. salvae sunt, sī istōs flūct	Conditional Sentences
2061	bn-301-conditional-sentences	Protasis in the Future Perfect — (a.) Apodosis in the Present. salvae sunt, sī istōs flūct	Conditional Sentences
2062	bn-301-conditional-sentences	Protasis in the Future Perfect — (a.) Apodosis in the Present. salvae sunt, sī istōs flūct	Conditional Sentences
2064	bn-301-conditional-sentences	Protasis in the Future Perfect — (a.) Apodosis in the Present. salvae sunt, sī istōs flūct	Conditional Sentences
2065	bn-301-conditional-sentences	Some Special Uses — An indicative protasis with sī is often used to assume a general truth	Conditional Sentences
2066	bn-301-conditional-sentences	Some Special Uses — An indicative protasis with sī is often used to assume a general truth	Conditional Sentences
2067	bn-301-conditional-sentences	Some Special Uses — An indicative protasis with sī is often used to assume a general truth	Conditional Sentences
2068	bn-301-conditional-sentences	mīror, mīrum sī — mīror or mīrum est (mīra sunt) may introduce a conditional protasis, ins	Conditional Sentences
2070	bn-301-conditional-sentences	The Subjunctive for the Indicative — The indicative in the protasis is occasionally replac	Conditional Sentences
2071	bn-301-conditional-sentences	The Subjunctive for the Indicative — The indicative in the protasis is occasionally replac	Conditional Sentences
2072	bn-301-conditional-sentences	Subjunctive Use — The present or perfect subjunctive may be used in a conditional protasis	Conditional Sentences
2073	bn-301-conditional-sentences	Subjunctive Use — The present or perfect subjunctive may be used in a conditional protasis	Conditional Sentences
2074	bn-301-conditional-sentences	Subjunctive Use — The present or perfect subjunctive may be used in a conditional protasis	Conditional Sentences
2075	bn-301-conditional-sentences	Subjunctive Use — The present or perfect subjunctive may be used in a conditional protasis	Conditional Sentences
2076	bn-301-conditional-sentences	Protasis in the Present Subjunctive — (a.) Apodosis in the Present Subjunctive. at pigeat 	Conditional Sentences
2077	bn-301-conditional-sentences	Protasis in the Present Subjunctive — (a.) Apodosis in the Present Subjunctive. at pigeat 	Conditional Sentences
2078	bn-301-conditional-sentences	Protasis in the Present Subjunctive — (a.) Apodosis in the Present Subjunctive. at pigeat 	Conditional Sentences
2079	bn-301-conditional-sentences	Protasis in the Present Subjunctive — (a.) Apodosis in the Present Subjunctive. at pigeat 	Conditional Sentences
2080	bn-301-conditional-sentences	Protasis in the Present Subjunctive — (a.) Apodosis in the Present Subjunctive. at pigeat 	Conditional Sentences
2081	bn-301-conditional-sentences	Protasis in the Present Subjunctive — (a.) Apodosis in the Present Subjunctive. at pigeat 	Conditional Sentences
2082	bn-301-conditional-sentences	Protasis in the Present Subjunctive — (a.) Apodosis in the Present Subjunctive. at pigeat 	Conditional Sentences
2084	bn-301-conditional-sentences	Protasis in the Perfect Subjunctive — (a.) Apodosis in the Present Subjunctive. dēbeam, cr	Conditional Sentences
2089	bn-301-conditional-sentences	Conversion to Past Time — An indeterminate subjunctive protasis is rarely thrown into the 	Conditional Sentences
2090	bn-301-conditional-sentences	Periods of Exemplification — The present subjunctive is particularly common in exemplifica	Conditional Sentences
2091	bn-301-conditional-sentences	Protases of Action Non-occurrent — A conditional period in which the non-occurrence of the	Conditional Sentences
2092	bn-301-conditional-sentences	Protases of Action Non-occurrent — A conditional period in which the non-occurrence of the	Conditional Sentences
2093	bn-301-conditional-sentences	Protases of Action Non-occurrent — A conditional period in which the non-occurrence of the	Conditional Sentences
2094	bn-301-conditional-sentences	Protasis in the Imperfect Subjunctive — (a.) Apodosis in the Imperfect Subjunctive. (a.) P	Conditional Sentences
2095	bn-301-conditional-sentences	Protasis in the Imperfect Subjunctive — (a.) Apodosis in the Imperfect Subjunctive. (a.) P	Conditional Sentences
2096	bn-301-conditional-sentences	Protasis in the Imperfect Subjunctive — (a.) Apodosis in the Imperfect Subjunctive. (a.) P	Conditional Sentences
2097	bn-301-conditional-sentences	Protasis in the Pluperfect Subjunctive — (a.) Apodosis in the Imperfect Subjunctive. (a.) 	Conditional Sentences
2098	bn-301-conditional-sentences	Protasis in the Pluperfect Subjunctive — (a.) Apodosis in the Imperfect Subjunctive. (a.) 	Conditional Sentences
2100	bn-301-conditional-sentences	Protasis in the Pluperfect Subjunctive — (a.) Apodosis in the Imperfect Subjunctive. (a.) 	Conditional Sentences
2102	bn-301-conditional-sentences	Indicative Apodosis — (1.) The apodosis of verbs of ability, duty, &c. (1495-1497), includ	Conditional Sentences
2103	bn-301-conditional-sentences	Indicative Apodosis — (1.) The apodosis of verbs of ability, duty, &c. (1495-1497), includ	Conditional Sentences
2105	bn-301-conditional-sentences	Indicative Apodosis — (1.) The apodosis of verbs of ability, duty, &c. (1495-1497), includ	Conditional Sentences
2106	bn-301-conditional-sentences	Indicative Apodosis — (1.) The apodosis of verbs of ability, duty, &c. (1495-1497), includ	Conditional Sentences
2107	bn-301-conditional-sentences	Indicative Apodosis — (1.) The apodosis of verbs of ability, duty, &c. (1495-1497), includ	Conditional Sentences
2108	bn-301-conditional-sentences	Indicative Apodosis — (1.) The apodosis of verbs of ability, duty, &c. (1495-1497), includ	Conditional Sentences
2110	bn-301-conditional-sentences	Variation of the Protasis — Instead of a conditional protasis with sī or nisi, equivalents	Conditional Sentences
2111	bn-301-conditional-sentences	Variation of the Protasis — Instead of a conditional protasis with sī or nisi, equivalents	Conditional Sentences
2112	bn-301-conditional-sentences	Variation of the Apodosis — The apodosis is sometimes represented by the accusative of exc	Conditional Sentences
2113	bn-301-conditional-sentences	Variation of the Apodosis — The apodosis is sometimes represented by the accusative of exc	Conditional Sentences
2114	bn-301-conditional-sentences	Variation of the Apodosis — The apodosis is sometimes represented by the accusative of exc	Conditional Sentences
2116	bn-301-conditional-sentences	etsī, tametsī (tamenetsī), etiamsī — etsī, tametsī, though, etiamsī, even if, or sometimes	Conditional Sentences
2119	bn-301-conditional-sentences	quasi (quam sī), tamquam sī, ut or velut sī — sī following a word meaning than or as is us	Conditional Sentences
2120	bn-301-conditional-sentences	quasi (quam sī), tamquam sī, ut or velut sī — sī following a word meaning than or as is us	Conditional Sentences
2121	bn-301-conditional-sentences	quasi (quam sī), tamquam sī, ut or velut sī — sī following a word meaning than or as is us	Conditional Sentences
2123	bn-341-coordinate-conjunctions	Connection of Separate Sentences or Periods — Separate sentences or periods have a connect	Coördinate Conjunctions
2127	bn-341-coordinate-conjunctions	Connection of Separate Sentences or Periods: Without a Connective — Asyndeton is common wi	Coördinate Conjunctions
2128	bn-341-coordinate-conjunctions,bn-250-syntax-of-relative-pronouns	Connection of Separate Sentences or Periods: With a Connective — Separate sentences or per	Coördinate Conjunctions; Syntax of relative pronouns
2129	bn-246-syntax-of-demonstrative-pronouns	Demonstrative and Determinative Words as Connectives — hīc and is serve as connectives at 	Syntax of demonstrative pronouns
2130	bn-246-syntax-of-demonstrative-pronouns	Demonstrative and Determinative Words as Connectives — hīc and is serve as connectives at 	Syntax of demonstrative pronouns
2131	bn-250-syntax-of-relative-pronouns	Relatives as Connectives — quī serves to connect a new period when it may be translated by	Syntax of relative pronouns
2132	bn-250-syntax-of-relative-pronouns	Relatives as Connectives — quī serves to connect a new period when it may be translated by	Syntax of relative pronouns
2133	bn-341-coordinate-conjunctions	Conjunctions and Adverbs — The conjunctions and adverbs used to coordinate sentences are: 	Coördinate Conjunctions
2135	bn-341-coordinate-conjunctions	et — et, and, simply adds, as in English (1645). But it is often used in such a connection	Coördinate Conjunctions
2136	bn-341-coordinate-conjunctions	et — et, and, simply adds, as in English (1645). But it is often used in such a connection	Coördinate Conjunctions
2137	bn-341-coordinate-conjunctions	et — et, and, simply adds, as in English (1645). But it is often used in such a connection	Coördinate Conjunctions
2138	bn-341-coordinate-conjunctions	et — et, and, simply adds, as in English (1645). But it is often used in such a connection	Coördinate Conjunctions
2139	bn-341-coordinate-conjunctions	et — et, and, simply adds, as in English (1645). But it is often used in such a connection	Coördinate Conjunctions
2140	bn-341-coordinate-conjunctions	et — et, and, simply adds, as in English (1645). But it is often used in such a connection	Coördinate Conjunctions
2141	bn-341-coordinate-conjunctions	neque or nec — nec, and really . . . not, and in fact . . . not: as, magnō cum perīculō su	Coördinate Conjunctions
2142	bn-341-coordinate-conjunctions	neque or nec — nec, and really . . . not, and in fact . . . not: as, magnō cum perīculō su	Coördinate Conjunctions
2143	bn-341-coordinate-conjunctions	neque or nec — nec, and really . . . not, and in fact . . . not: as, magnō cum perīculō su	Coördinate Conjunctions
2145	bn-341-coordinate-conjunctions	-que — -que, and likewise: as, huic duōs flāminēs adiēcit. virginēsque Vestae lēgit, L. 1,	Coördinate Conjunctions
2146	bn-341-coordinate-conjunctions	-que — -que, and likewise: as, huic duōs flāminēs adiēcit. virginēsque Vestae lēgit, L. 1,	Coördinate Conjunctions
2148	bn-341-coordinate-conjunctions	atque or ac — atque, and besides, and more than that, and actually: as, ex quō efficitur a	Coördinate Conjunctions
2149	bn-341-coordinate-conjunctions	aut — aut is used to add a new sentence in the sense of aliōquī, or else, otherwise, or as	Coördinate Conjunctions
2150	bn-341-coordinate-conjunctions	Concessive and Adversative — A new concessive period is introduced by sānē, quidem, omnīnō	Coördinate Conjunctions
2152	bn-341-coordinate-conjunctions	Concessive and Adversative — A new concessive period is introduced by sānē, quidem, omnīnō	Coördinate Conjunctions
2153	bn-341-coordinate-conjunctions	Concessive and Adversative — A new concessive period is introduced by sānē, quidem, omnīnō	Coördinate Conjunctions
2154	bn-341-coordinate-conjunctions	Causal and Illative — nam, enim, for, or namque, etenim, for you see, introduces a new per	Coördinate Conjunctions
2155	bn-341-coordinate-conjunctions	Causal and Illative — nam, enim, for, or namque, etenim, for you see, introduces a new per	Coördinate Conjunctions
2157	bn-341-coordinate-conjunctions	Causal and Illative — nam, enim, for, or namque, etenim, for you see, introduces a new per	Coördinate Conjunctions
2158	bn-341-coordinate-conjunctions	Causal and Illative — nam, enim, for, or namque, etenim, for you see, introduces a new per	Coördinate Conjunctions
2159	bn-341-coordinate-conjunctions	Affirmative Coordination — A new sentence affirmative of a foregoing is often introduced b	Coördinate Conjunctions
2160	bn-326-the-infinitive	The Infinitive — The infinitive is in its origin a verbal substantive. The present infinit	The Infinitive
2161	bn-326-the-infinitive	The Infinitive — The infinitive is in its origin a verbal substantive. The present infinit	The Infinitive
2162	bn-326-the-infinitive	The Infinitive — The infinitive is in its origin a verbal substantive. The present infinit	The Infinitive
2163	bn-326-the-infinitive	The Infinitive — The infinitive is in its origin a verbal substantive. The present infinit	The Infinitive
2164	bn-326-the-infinitive	The Infinitive of Purpose — The infinitive denotes purpose: (a.) when loosely added to a s	The Infinitive
2165	bn-326-the-infinitive	The Infinitive of Purpose — The infinitive denotes purpose: (a.) when loosely added to a s	The Infinitive
2166	bn-326-the-infinitive	The Infinitive with Adjectives — The infinitive is sometimes used with adjectives, chiefly	The Infinitive
2167	bn-326-the-infinitive	The Infinitive with Adjectives — The infinitive is sometimes used with adjectives, chiefly	The Infinitive
2168	bn-326-the-infinitive	The Complementary Infinitive — The present infinitive is often used to complete the meanin	The Infinitive
2171	bn-326-the-infinitive	The Complementary Infinitive — The present infinitive is often used to complete the meanin	The Infinitive
2174	bn-326-the-infinitive	The Accusative with the Infinitive — A very common form of a dependent sentence is that kn	The Infinitive
2175	bn-326-the-infinitive	Verbs of Perceiving, Knowing, Thinking, and Saying — The accusative with the infinitive is	The Infinitive
2176	bn-326-the-infinitive	Verbs of Perceiving, Knowing, Thinking, and Saying — The accusative with the infinitive is	The Infinitive
2177	bn-326-the-infinitive	Verbs of Perceiving, Knowing, Thinking, and Saying — The accusative with the infinitive is	The Infinitive
2179	bn-326-the-infinitive	Verbs of Perceiving, Knowing, Thinking, and Saying — The accusative with the infinitive is	The Infinitive
2180	bn-326-the-infinitive	Verbs of Perceiving, Knowing, Thinking, and Saying — The accusative with the infinitive is	The Infinitive
2185	bn-314-moods-in-indirect-discourse	Verbs of Accusing — The verbs of accusing, arguō and īnsimulō, take the accusative with th	Moods in Indirect Discourse
2186	bn-314-moods-in-indirect-discourse,bn-270-tenses-of-the-infinitive	Verbs of Hoping, Promising, and Threatening — The accusative with the future infinitive is	Moods in Indirect Discourse; Tenses of the Infinitive
2187	bn-326-the-infinitive	Verbs of Emotion — The accusative with the infinitive is sometimes used with verbs of joy,	The Infinitive
2188	bn-326-the-infinitive	Verbs of Emotion — The accusative with the infinitive is sometimes used with verbs of joy,	The Infinitive
2189	bn-326-the-infinitive	Verbs of Desire — (1.) The accusative with the infinitive is commonly used with volō (mālō	The Infinitive
2190	bn-326-the-infinitive	Verbs of Desire — (1.) The accusative with the infinitive is commonly used with volō (mālō	The Infinitive
2193	bn-326-the-infinitive	Verbs of Desire — (1.) The accusative with the infinitive is commonly used with volō (mālō	The Infinitive
2194	bn-326-the-infinitive	Verbs of Desire — (1.) The accusative with the infinitive is commonly used with volō (mālō	The Infinitive
2196	bn-326-the-infinitive	Verbs of Accomplishing — Verbs of accomplishing rarely have the accusative with the infini	The Infinitive
2197	bn-326-the-infinitive	Verbs of Teaching and Training — The verbs of teaching and training, doceō and adsuēfaciō,	The Infinitive
2198	bn-326-the-infinitive	Verbs of Bidding and Forbidding and of Allowing — The accusative with the infinitive is us	The Infinitive
2201	bn-326-the-infinitive	Verbs of Bidding and Forbidding and of Allowing — The accusative with the infinitive is us	The Infinitive
2202	bn-326-the-infinitive	Verbs of Bidding and Forbidding and of Allowing — The accusative with the infinitive is us	The Infinitive
2203	bn-326-the-infinitive	Verbs of Bidding and Forbidding and of Allowing — The accusative with the infinitive is us	The Infinitive
2204	bn-326-the-infinitive	The Infinitive as a Substantive Accusative — The accusative with the infinitive, or the in	The Infinitive
2205	bn-326-the-infinitive	The Infinitive as a Substantive Accusative — The accusative with the infinitive, or the in	The Infinitive
2207	bn-326-the-infinitive	The Infinitive as Subject — The accusative with the infinitive, or the infinitive alone, p	The Infinitive
2210	bn-326-the-infinitive	The Infinitive as Subject — The accusative with the infinitive, or the infinitive alone, p	The Infinitive
2212	bn-326-the-infinitive	The Infinitive as Subject — The accusative with the infinitive, or the infinitive alone, p	The Infinitive
2214	bn-326-the-infinitive	The Infinitive as Subject — The accusative with the infinitive, or the infinitive alone, p	The Infinitive
2215	bn-326-the-infinitive	The Infinitive as Subject — The accusative with the infinitive, or the infinitive alone, p	The Infinitive
2216	bn-326-the-infinitive	The Infinitive of Exclamation — The infinitive alone, or the accusative with the infinitiv	The Infinitive
2218	bn-270-tenses-of-the-infinitive	The Tenses of the Infinitive — The present infinitive represents action as going on, the p	Tenses of the Infinitive
2219	bn-270-tenses-of-the-infinitive	The Infinitive: The Present Tense — In itself, the present infinitive denotes action merel	Tenses of the Infinitive
2220	bn-270-tenses-of-the-infinitive	The Infinitive: The Present Tense — In itself, the present infinitive denotes action merel	Tenses of the Infinitive
2221	bn-270-tenses-of-the-infinitive	The Infinitive: The Present Tense — In itself, the present infinitive denotes action merel	Tenses of the Infinitive
2223	bn-270-tenses-of-the-infinitive	The Infinitive: The Perfect Tense — (1.) The perfect active infinitive sometimes serves as	Tenses of the Infinitive
2224	bn-270-tenses-of-the-infinitive	The Infinitive: The Perfect Tense — (1.) The perfect active infinitive sometimes serves as	Tenses of the Infinitive
2226	bn-317-tenses-in-indirect-discourse	The Infinitive: The Perfect Tense — (1.) The perfect active infinitive sometimes serves as	Tenses in Indirect Discourse
2227	bn-317-tenses-in-indirect-discourse	The Infinitive: The Perfect Tense — (1.) The perfect active infinitive sometimes serves as	Tenses in Indirect Discourse
2228	bn-270-tenses-of-the-infinitive	The Infinitive: The Perfect Tense — (1.) The perfect active infinitive sometimes serves as	Tenses of the Infinitive
2229	bn-270-tenses-of-the-infinitive	The Infinitive: The Perfect Tense — (1.) The perfect active infinitive sometimes serves as	Tenses of the Infinitive
2231	bn-270-tenses-of-the-infinitive	The Infinitive: The Perfect Tense — (1.) The perfect active infinitive sometimes serves as	Tenses of the Infinitive
2233	bn-270-tenses-of-the-infinitive	The Infinitive: The Future Tense — The future infinitive is only used as a representative 	Tenses of the Infinitive
2234	bn-270-tenses-of-the-infinitive	The Infinitive: The Future Tense — The future infinitive is only used as a representative 	Tenses of the Infinitive
2235	bn-326-the-infinitive	The Infinitive: The Future Tense — The future infinitive is only used as a representative 	The Infinitive
2236	bn-326-the-infinitive	The Infinitive: The Future Tense — The future infinitive is only used as a representative 	The Infinitive
2237	bn-338-the-gerund	The Gerundive and Gerund — The gerundive is a verbal adjective (899). The gerund is a neut	The Gerund
2238	bn-338-the-gerund	The Gerundive and Gerund — The gerundive is a verbal adjective (899). The gerund is a neut	The Gerund
2239	bn-338-the-gerund	The Gerundive and Gerund — The gerundive is a verbal adjective (899). The gerund is a neut	The Gerund
2240	bn-338-the-gerund	The Gerundive Construction — The gerundive expresses, in an adjective form, the uncomplete	The Gerund
2241	bn-338-the-gerund	The Gerund — The gerund expresses, in a substantive form, the uncompleted action of a verb	The Gerund
2242	bn-338-the-gerund	The Gerund — The gerund expresses, in a substantive form, the uncompleted action of a verb	The Gerund
2243	bn-336-participles,bn-186-the-dative	Nominative — The nominative of the gerundive construction, as the subject of sum, denotes 	Participles; The Dative
2244	bn-336-participles	Nominative — The nominative of the gerundive construction, as the subject of sum, denotes 	Participles
2245	bn-336-participles	Nominative — The nominative of the gerundive construction, as the subject of sum, denotes 	Participles
2246	bn-336-participles	Nominative — The nominative of the gerundive construction, as the subject of sum, denotes 	Participles
2248	bn-336-participles	Nominative — The nominative of the gerundive construction, as the subject of sum, denotes 	Participles
2250	bn-336-participles	Accusative — (1.) The accusative of the gerundive construction is used with locō and condū	Participles
2252	bn-338-the-gerund	Accusative — (1.) The accusative of the gerundive construction is used with locō and condū	The Gerund
2253	bn-338-the-gerund	Accusative — (1.) The accusative of the gerundive construction is used with locō and condū	The Gerund
2254	bn-338-the-gerund	Dative — The dative of the gerundive construction is used with adjectives, verbs, and phra	The Gerund
2256	bn-338-the-gerund	Dative — The dative of the gerundive construction is used with adjectives, verbs, and phra	The Gerund
2257	bn-338-the-gerund	Dative — The dative of the gerundive construction is used with adjectives, verbs, and phra	The Gerund
2258	bn-338-the-gerund	Genitive — (1.) The genitive of the gerundive construction or gerund is used with substant	The Gerund
2259	bn-338-the-gerund	Genitive — (1.) The genitive of the gerundive construction or gerund is used with substant	The Gerund
2260	bn-338-the-gerund	Genitive — (1.) The genitive of the gerundive construction or gerund is used with substant	The Gerund
2262	bn-338-the-gerund	Genitive — (1.) The genitive of the gerundive construction or gerund is used with substant	The Gerund
2263	bn-338-the-gerund	Genitive — (1.) The genitive of the gerundive construction or gerund is used with substant	The Gerund
2266	bn-338-the-gerund	Ablative — In the ablative a transitive gerund with a substantive object is not uncommon. 	The Gerund
2267	bn-338-the-gerund	Ablative — In the ablative a transitive gerund with a substantive object is not uncommon. 	The Gerund
2268	bn-338-the-gerund	Ablative — In the ablative a transitive gerund with a substantive object is not uncommon. 	The Gerund
2269	bn-340-the-supine	The Supine — The supine is a verbal substantive. The form in -um is an accusative. The for	The Supine
2270	bn-340-the-supine	The Supine in -um — The supine in -um denotes purpose with verbs of motion (1166): as, abi	The Supine
2272	bn-340-the-supine	The Supine in -um — The supine in -um denotes purpose with verbs of motion (1166): as, abi	The Supine
2273	bn-340-the-supine	The Supine in -um — The supine in -um denotes purpose with verbs of motion (1166): as, abi	The Supine
2274	bn-340-the-supine	The Supine in -ū — The supine in -ū is used with fās, nefās, and adjectives, chiefly of su	The Supine
2275	bn-340-the-supine	The Supine in -ū — The supine in -ū is used with fās, nefās, and adjectives, chiefly of su	The Supine
2276	bn-340-the-supine	The Supine in -ū — The supine in -ū is used with fās, nefās, and adjectives, chiefly of su	The Supine
2278	bn-336-participles	The Participle — The participle is a verbal adjective. Like the adjective, it is inflected	Participles
2279	bn-336-participles	Time of the Participle — (1.) The time to which the participle refers is indicated by the 	Participles
2280	bn-336-participles	Time of the Participle — (1.) The time to which the participle refers is indicated by the 	Participles
2282	bn-336-participles	The Attributive Participle — The present or perfect participle is often used as an adjecti	Participles
2283	bn-336-participles	The Attributive Participle — The present or perfect participle is often used as an adjecti	Participles
2285	bn-336-participles	The Attributive Participle — The present or perfect participle is often used as an adjecti	Participles
2288	bn-336-participles	The Substantive Participle — Participles sometimes become substantives, especially the per	Participles
2289	bn-336-participles	The Substantive Participle — Participles sometimes become substantives, especially the per	Participles
2290	bn-336-participles	The Substantive Participle — Participles sometimes become substantives, especially the per	Participles
2291	bn-336-participles	The Substantive Participle — Participles sometimes become substantives, especially the per	Participles
2292	bn-336-participles	The Substantive Participle — Participles sometimes become substantives, especially the per	Participles
2294	bn-336-participles	The Appositive Participle — The appositive participle is a loose substitute for a subordin	Participles
2295	bn-336-participles	The Appositive Participle — The appositive participle is a loose substitute for a subordin	Participles
2296	bn-336-participles	The Appositive Participle — The appositive participle is a loose substitute for a subordin	Participles
2297	bn-336-participles	The Predicative Participle — habeō is sometimes used with certain perfect participles to e	Participles
2298	bn-336-participles	The Predicative Participle — habeō is sometimes used with certain perfect participles to e	Participles
2299	bn-326-the-infinitive,bn-336-participles	The Predicative Participle — habeō is sometimes used with certain perfect participles to e	The Infinitive; Participles
2300		Some Occasional Peculiarities of Verbs — In many cases where in English a verb like wish o	
2301	bn-257-tenses-of-the-indicative	The Conative Use — A verb is sometimes used to denote action proposed, attempted, or begun	Tenses of the Indicative
2302	bn-257-tenses-of-the-indicative	The Conative Use — A verb is sometimes used to denote action proposed, attempted, or begun	Tenses of the Indicative
2304		The Causative Use — A verb is sometimes used to denote not what the subject actually does 	
2305	bn-271-moods-in-independent-sentences	The Potential Use — A verb is sometimes used to indicate action that can be done, and espe	Moods in Independent Sentences
2306	bn-271-moods-in-independent-sentences	The Obligatory Use — A verb is sometimes used to denote obligatory action. This is called 	Moods in Independent Sentences
2307		The Permissive Use — A verb is sometimes used to denote permitted action. This is called t	
2308	bn-313-indirect-discourse-oratio-obliqua	(Ōrātiō Oblīqua.) — The speech or thought of another, quoted in his own words, is called D	Indirect Discourse (Ōrātiō Oblīqua)
2309	bn-313-indirect-discourse-oratio-obliqua	(Ōrātiō Oblīqua.) — The speech or thought of another, quoted in his own words, is called D	Indirect Discourse (Ōrātiō Oblīqua)
2310	bn-313-indirect-discourse-oratio-obliqua	(Ōrātiō Oblīqua.) — The speech or thought of another, quoted in his own words, is called D	Indirect Discourse (Ōrātiō Oblīqua)
2311	bn-313-indirect-discourse-oratio-obliqua	(Ōrātiō Oblīqua.) — The speech or thought of another, quoted in his own words, is called D	Indirect Discourse (Ōrātiō Oblīqua)
2312	bn-314-moods-in-indirect-discourse	Main Sentences — Declarative sentences of direct discourse are put in the accusative with 	Moods in Indirect Discourse
2313	bn-314-moods-in-indirect-discourse	Main Sentences — Declarative sentences of direct discourse are put in the accusative with 	Moods in Indirect Discourse
2314	bn-314-moods-in-indirect-discourse	Main Sentences — Declarative sentences of direct discourse are put in the accusative with 	Moods in Indirect Discourse
2315	bn-314-moods-in-indirect-discourse	Subordinate Sentences — The verb of a subordinate sentence, introduced by a relative word 	Moods in Indirect Discourse
2316	bn-314-moods-in-indirect-discourse	Subordinate Sentences — The verb of a subordinate sentence, introduced by a relative word 	Moods in Indirect Discourse
2317	bn-314-moods-in-indirect-discourse	Subordinate Sentences — The verb of a subordinate sentence, introduced by a relative word 	Moods in Indirect Discourse
2318	bn-314-moods-in-indirect-discourse	Subordinate Sentences — The verb of a subordinate sentence, introduced by a relative word 	Moods in Indirect Discourse
2319	bn-323-implied-indirect-discourse	Subordinate Sentences — The verb of a subordinate sentence, introduced by a relative word 	Implied Indirect Discourse
2321	bn-317-tenses-in-indirect-discourse	Tense: Of the Infinitive — The tenses of the infinitive follow their usual law (2218), rep	Tenses in Indirect Discourse
2322	bn-317-tenses-in-indirect-discourse	Tense: Of the Subjunctive — The tenses of the subjunctive follow the law of the sequence o	Tenses in Indirect Discourse
2323	bn-317-tenses-in-indirect-discourse	Tense: Of the Subjunctive — The tenses of the subjunctive follow the law of the sequence o	Tenses in Indirect Discourse
2324	bn-317-tenses-in-indirect-discourse	Tense: Of the Subjunctive — The tenses of the subjunctive follow the law of the sequence o	Tenses in Indirect Discourse
2325	bn-244-syntax-of-reflexive-pronouns,bn-314-moods-in-indirect-discourse	Pronoun — ego and nōs, of direct discourse, are represented by sē in indirect discourse, a	Syntax of reflexive pronouns; Moods in Indirect Discourse
2327	bn-319-conditional-sentences-in-indirect	Protasis — The protasis of every kind (2023, 2024) has the verb in the subjunctive in indi	Conditional Sentences in Indirect Discourse
2328	bn-319-conditional-sentences-in-indirect	Protasis — The protasis of every kind (2023, 2024) has the verb in the subjunctive in indi	Conditional Sentences in Indirect Discourse
2329	bn-319-conditional-sentences-in-indirect	Protasis — The protasis of every kind (2023, 2024) has the verb in the subjunctive in indi	Conditional Sentences in Indirect Discourse
2330	bn-319-conditional-sentences-in-indirect	Apodosis — In indeterminate conditional periods (2023), the apodosis simply follows the ge	Conditional Sentences in Indirect Discourse
2331	bn-319-conditional-sentences-in-indirect	Apodosis — In indeterminate conditional periods (2023), the apodosis simply follows the ge	Conditional Sentences in Indirect Discourse
2332	bn-319-conditional-sentences-in-indirect	Apodosis — In indeterminate conditional periods (2023), the apodosis simply follows the ge	Conditional Sentences in Indirect Discourse
2333	bn-319-conditional-sentences-in-indirect	Apodosis — In indeterminate conditional periods (2023), the apodosis simply follows the ge	Conditional Sentences in Indirect Discourse
2335	bn-242-syntax-of-personal-pronouns	The Personal Pronoun — For the use of the nominatives ego tū, nōs vōs, see 1029. The genit	Syntax of personal pronouns
2336	bn-244-syntax-of-reflexive-pronouns	The Reflexive sē and suus — The reflexive regularly refers to the subject of the verb: as,	Syntax of reflexive pronouns
2337	bn-244-syntax-of-reflexive-pronouns	The Reflexive sē and suus — The reflexive regularly refers to the subject of the verb: as,	Syntax of reflexive pronouns
2338	bn-244-syntax-of-reflexive-pronouns	The Reflexive sē and suus — The reflexive regularly refers to the subject of the verb: as,	Syntax of reflexive pronouns
2340	bn-244-syntax-of-reflexive-pronouns	The Reflexive sē and suus — The reflexive regularly refers to the subject of the verb: as,	Syntax of reflexive pronouns
2341	bn-244-syntax-of-reflexive-pronouns	The Reflexive sē and suus — The reflexive regularly refers to the subject of the verb: as,	Syntax of reflexive pronouns
2342	bn-244-syntax-of-reflexive-pronouns	The Reflexive sē and suus — The reflexive regularly refers to the subject of the verb: as,	Syntax of reflexive pronouns
2343	bn-244-syntax-of-reflexive-pronouns	The Reflexive sē and suus — The reflexive regularly refers to the subject of the verb: as,	Syntax of reflexive pronouns
2344	bn-245-reciprocal-pronouns	Equivalents for a Reciprocal Pronoun — The place of a reciprocal pronoun, each other, is s	Reciprocal Pronouns
2345	bn-245-reciprocal-pronouns	Equivalents for a Reciprocal Pronoun — The place of a reciprocal pronoun, each other, is s	Reciprocal Pronouns
2346	bn-243-syntax-of-possessive-pronouns	The Possessive Pronoun — The possessive of the personal and reflexive pronoun is regularly	Syntax of possessive pronouns
2347	bn-246-syntax-of-demonstrative-pronouns	hīc — hīc points out what is near the speaker in place, time, or thought: as, hī domum mē 	Syntax of demonstrative pronouns
2348	bn-246-syntax-of-demonstrative-pronouns	hīc — hīc points out what is near the speaker in place, time, or thought: as, hī domum mē 	Syntax of demonstrative pronouns
2349	bn-246-syntax-of-demonstrative-pronouns	hīc — hīc points out what is near the speaker in place, time, or thought: as, hī domum mē 	Syntax of demonstrative pronouns
2350	bn-246-syntax-of-demonstrative-pronouns	hīc — hīc points out what is near the speaker in place, time, or thought: as, hī domum mē 	Syntax of demonstrative pronouns
2351	bn-246-syntax-of-demonstrative-pronouns	hīc — hīc points out what is near the speaker in place, time, or thought: as, hī domum mē 	Syntax of demonstrative pronouns
2352	bn-246-syntax-of-demonstrative-pronouns	hīc — hīc points out what is near the speaker in place, time, or thought: as, hī domum mē 	Syntax of demonstrative pronouns
2353	bn-246-syntax-of-demonstrative-pronouns	hīc — hīc points out what is near the speaker in place, time, or thought: as, hī domum mē 	Syntax of demonstrative pronouns
2354	bn-246-syntax-of-demonstrative-pronouns	hīc — hīc points out what is near the speaker in place, time, or thought: as, hī domum mē 	Syntax of demonstrative pronouns
2356	bn-246-syntax-of-demonstrative-pronouns	iste — iste points out something near to, belonging to, or imputed to the person addressed	Syntax of demonstrative pronouns
2357	bn-246-syntax-of-demonstrative-pronouns	iste — iste points out something near to, belonging to, or imputed to the person addressed	Syntax of demonstrative pronouns
2358	bn-246-syntax-of-demonstrative-pronouns	ille — ille points to what is remote in place, time, or thought: as, ergō illī intellegunt	Syntax of demonstrative pronouns
2359	bn-246-syntax-of-demonstrative-pronouns	ille — ille points to what is remote in place, time, or thought: as, ergō illī intellegunt	Syntax of demonstrative pronouns
2360	bn-246-syntax-of-demonstrative-pronouns	ille — ille points to what is remote in place, time, or thought: as, ergō illī intellegunt	Syntax of demonstrative pronouns
2361	bn-246-syntax-of-demonstrative-pronouns	ille — ille points to what is remote in place, time, or thought: as, ergō illī intellegunt	Syntax of demonstrative pronouns
2365	bn-246-syntax-of-demonstrative-pronouns	is — is refers to something named in the context. When some feeling is to be expressed, su	Syntax of demonstrative pronouns
2366	bn-246-syntax-of-demonstrative-pronouns	is — is refers to something named in the context. When some feeling is to be expressed, su	Syntax of demonstrative pronouns
2367	bn-246-syntax-of-demonstrative-pronouns	is — is refers to something named in the context. When some feeling is to be expressed, su	Syntax of demonstrative pronouns
2368	bn-246-syntax-of-demonstrative-pronouns	is — is refers to something named in the context. When some feeling is to be expressed, su	Syntax of demonstrative pronouns
2370	bn-246-syntax-of-demonstrative-pronouns	is — is refers to something named in the context. When some feeling is to be expressed, su	Syntax of demonstrative pronouns
2371	bn-246-syntax-of-demonstrative-pronouns	īdem — īdem, the same, often connects two different predicates to the same person or thing	Syntax of demonstrative pronouns
2372	bn-246-syntax-of-demonstrative-pronouns	īdem — īdem, the same, often connects two different predicates to the same person or thing	Syntax of demonstrative pronouns
2373	bn-246-syntax-of-demonstrative-pronouns	īdem — īdem, the same, often connects two different predicates to the same person or thing	Syntax of demonstrative pronouns
2375	bn-246-syntax-of-demonstrative-pronouns	ipse — ipse, self, is used in contrasts. ipse may contrast the chief person with subordina	Syntax of demonstrative pronouns
2376	bn-246-syntax-of-demonstrative-pronouns	ipse — ipse, self, is used in contrasts. ipse may contrast the chief person with subordina	Syntax of demonstrative pronouns
2377	bn-246-syntax-of-demonstrative-pronouns	ipse — ipse, self, is used in contrasts. ipse may contrast the chief person with subordina	Syntax of demonstrative pronouns
2379	bn-246-syntax-of-demonstrative-pronouns	ipse — ipse, self, is used in contrasts. ipse may contrast the chief person with subordina	Syntax of demonstrative pronouns
2380	bn-246-syntax-of-demonstrative-pronouns	ipse — ipse, self, is used in contrasts. ipse may contrast the chief person with subordina	Syntax of demonstrative pronouns
2381	bn-246-syntax-of-demonstrative-pronouns	ipse — ipse, self, is used in contrasts. ipse may contrast the chief person with subordina	Syntax of demonstrative pronouns
2382	bn-246-syntax-of-demonstrative-pronouns	ipse — ipse, self, is used in contrasts. ipse may contrast the chief person with subordina	Syntax of demonstrative pronouns
2383	bn-246-syntax-of-demonstrative-pronouns	ipse — ipse, self, is used in contrasts. ipse may contrast the chief person with subordina	Syntax of demonstrative pronouns
2384	bn-246-syntax-of-demonstrative-pronouns	ipse — ipse, self, is used in contrasts. ipse may contrast the chief person with subordina	Syntax of demonstrative pronouns
2386	bn-090-interrogative-pronouns	uter and quis — uter, whether? which? is used in questions about two things; quis and quī,	Interrogative Pronouns
2388	bn-252-syntax-of-indefinite-pronouns	quis or quī; quispiam — quis or quī, a, some, somebody, always stands after one or more wo	Syntax of indefinite pronouns
2389	bn-252-syntax-of-indefinite-pronouns	quis or quī; quispiam — quis or quī, a, some, somebody, always stands after one or more wo	Syntax of indefinite pronouns
2390	bn-252-syntax-of-indefinite-pronouns	aliquis — aliquis or aliquī some one, some one or other, has always some affirmative empha	Syntax of indefinite pronouns
2391	bn-252-syntax-of-indefinite-pronouns	aliquis — aliquis or aliquī some one, some one or other, has always some affirmative empha	Syntax of indefinite pronouns
2392	bn-252-syntax-of-indefinite-pronouns	quīdam — quīdam, a, a certain, denotes a thing which we cannot describe or do not care to.	Syntax of indefinite pronouns
2393	bn-252-syntax-of-indefinite-pronouns	quīdam — quīdam, a, a certain, denotes a thing which we cannot describe or do not care to.	Syntax of indefinite pronouns
2394	bn-252-syntax-of-indefinite-pronouns	quisque — quisque, each, each in particular, each by himself, applies what is stated of al	Syntax of indefinite pronouns
2395	bn-252-syntax-of-indefinite-pronouns	quisque — quisque, each, each in particular, each by himself, applies what is stated of al	Syntax of indefinite pronouns
2396	bn-252-syntax-of-indefinite-pronouns	quisque — quisque, each, each in particular, each by himself, applies what is stated of al	Syntax of indefinite pronouns
2397	bn-252-syntax-of-indefinite-pronouns	quisque — quisque, each, each in particular, each by himself, applies what is stated of al	Syntax of indefinite pronouns
2398	bn-252-syntax-of-indefinite-pronouns	quisque — quisque, each, each in particular, each by himself, applies what is stated of al	Syntax of indefinite pronouns
2399	bn-253-syntax-of-pronominal-adjectives	uterque — uterque, each, is used of two individuals, and utrīque of two sets or parties. B	Syntax of pronominal adjectives
2400	bn-245-reciprocal-pronouns	uterque — uterque, each, is used of two individuals, and utrīque of two sets or parties. B	Reciprocal Pronouns
2401	bn-252-syntax-of-indefinite-pronouns	uterque — uterque, each, is used of two individuals, and utrīque of two sets or parties. B	Syntax of indefinite pronouns
2402	bn-252-syntax-of-indefinite-pronouns	quisquam and ūllus — quisquam (692), a single one, any one at all, and ūllus, any, are use	Syntax of indefinite pronouns
2403	bn-252-syntax-of-indefinite-pronouns	quisquam and ūllus — quisquam (692), a single one, any one at all, and ūllus, any, are use	Syntax of indefinite pronouns
2404	bn-078-numerals	Numerals — Numerals are divided into Adjectives: Cardinal, ūnus, one, duo, two, &c.; Ordin	Numerals
2405	bn-078-numerals	Numerals — Numerals are divided into Adjectives: Cardinal, ūnus, one, duo, two, &c.; Ordin	Numerals
2406	bn-078-numerals	Notation — Numbers are noted by combinations of the characters I = 1; V = 5; X = 10; ↆ, la	Numerals
2407	bn-078-numerals	Notation — Numbers are noted by combinations of the characters I = 1; V = 5; X = 10; ↆ, la	Numerals
2408	bn-078-numerals	Notation — Numbers are noted by combinations of the characters I = 1; V = 5; X = 10; ↆ, la	Numerals
2409	bn-078-numerals	Notation — Numbers are noted by combinations of the characters I = 1; V = 5; X = 10; ↆ, la	Numerals
2410	bn-078-numerals	Notation — Numbers are noted by combinations of the characters I = 1; V = 5; X = 10; ↆ, la	Numerals
2411	bn-078-numerals	Notation — Numbers are noted by combinations of the characters I = 1; V = 5; X = 10; ↆ, la	Numerals
2412	bn-078-numerals	Some Forms of Numerals — quīnctus, the older form of quīntus (170, 4) is sometimes found i	Numerals
2413	bn-078-numerals	Some Forms of Numerals — quīnctus, the older form of quīntus (170, 4) is sometimes found i	Numerals
2414	bn-078-numerals	Some Forms of Numerals — quīnctus, the older form of quīntus (170, 4) is sometimes found i	Numerals
2415	bn-078-numerals	Some Forms of Numerals — quīnctus, the older form of quīntus (170, 4) is sometimes found i	Numerals
2416	bn-078-numerals	Some Forms of Numerals — quīnctus, the older form of quīntus (170, 4) is sometimes found i	Numerals
2417	bn-078-numerals	Some Forms of Numerals — quīnctus, the older form of quīntus (170, 4) is sometimes found i	Numerals
2418	bn-078-numerals	Some Forms of Numerals — quīnctus, the older form of quīntus (170, 4) is sometimes found i	Numerals
2419	bn-078-numerals	Cardinals and Ordinals — Dates are expressed either by cardinals with a plural substantive	Numerals
2420	bn-078-numerals	Distributives — Distributives are used to denote an equal division among several persons o	Numerals
2421	bn-078-numerals	Distributives — Distributives are used to denote an equal division among several persons o	Numerals
2423	bn-078-numerals	Other Numerals — Other numerical adjectives are multiplicatives, ending in -plex; they are	Numerals
2424	bn-078-numerals	Expression of Fractions — One half may be expressed by dīmidium or dīmidia pars; other fra	Numerals
2425	bn-078-numerals	Expression of Fractions — One half may be expressed by dīmidium or dīmidia pars; other fra	Numerals
2426	bn-078-numerals	Expression of Fractions — One half may be expressed by dīmidium or dīmidia pars; other fra	Numerals
2427	bn-078-numerals	Expression of Fractions — One half may be expressed by dīmidium or dīmidia pars; other fra	Numerals
